,xtb,wig,spx,gld,oil,usd,vix
2016-05-06,12.05066,46663.67,2057.14,1290.55,44.61,0.8771100000000001,14.72
2016-05-09,12.000210000000001,46628.94,2058.69,1265.0,43.27,0.8786,14.57
2016-05-10,11.94016,46178.72,2084.39,1267.45,44.52,0.87946,13.63
2016-05-11,12.05066,46053.07,2064.46,1278.8,45.99,0.87524,14.69
2016-05-12,12.15035,46022.02,2064.11,1264.75,46.44,0.8791100000000001,14.41
2016-05-13,12.40018,46063.67,2046.61,1274.6,46.38,0.88403,15.04
2016-05-16,12.99953,46825.77,2066.66,1275.0,47.96,0.88375,14.68
2016-05-17,12.99953,46711.75,2047.21,1280.35,48.6,0.8839600000000001,15.57
2016-05-18,13.57966,46609.83,2047.63,1259.0,47.88,0.89145,15.95
2016-05-19,13.90035,45751.68,2040.04,1255.4,48.77,0.8929799999999999,16.33
2016-05-20,14.300320000000001,45784.76,2052.32,1252.7,48.45,0.89146,15.2
2016-05-23,14.00125,46042.23,2048.04,1249.35,48.11,0.89128,15.82
2016-05-24,14.19943,46275.18,2076.06,1227.2,49.12,0.8975700000000001,14.42
2016-05-25,15.00056,46695.37,2090.54,1224.5,49.72,0.8964,13.9
2016-05-27,14.89967,46634.55,2099.06,1212.45,49.59,0.8999799999999999,13.12
2016-05-31,14.690679999999999,45844.15,2096.96,1217.65,48.86,0.8985,14.19
2016-06-01,14.40121,44700.67,2099.33,1215.0,48.94,0.89395,14.2
2016-06-02,13.919570000000002,44772.72,2105.26,1213.0,49.05,0.89664,13.63
2016-06-03,14.00125,45523.93,2099.13,1246.85,48.86,0.8806200000000001,13.47
2016-06-06,14.00125,45582.8,2109.41,1247.65,49.73,0.88039,13.65
2016-06-07,14.00125,46365.69,2112.13,1246.3,50.41,0.8804799999999999,14.05
2016-06-08,13.650529999999998,46551.54,2119.12,1265.0,51.51,0.8774700000000001,14.08
2016-06-09,13.699770000000001,45940.12,2115.48,1272.15,50.42,0.8835700000000001,14.64
2016-06-10,13.79946,45348.2,2096.07,1276.6,48.91,0.8886299999999999,17.030001000000002
2016-06-13,13.699770000000001,45117.85,2079.06,1286.5,48.55,0.8858799999999999,20.969998999999998
2016-06-14,13.699770000000001,44729.08,2075.32,1288.0,47.94,0.89233,20.5
2016-06-15,13.590470000000002,44916.52,2071.5,1294.5,47.48,0.8878799999999999,20.139999
2016-06-16,13.490779999999999,44007.81,2077.99,1281.0,46.02,0.89041,19.370001000000002
2016-06-17,13.699770000000001,44606.86,2071.22,1301.75,48.26,0.88655,19.41
2016-06-20,13.749020000000002,45344.03,2083.25,1292.5,49.8,0.88403,18.370001000000002
2016-06-21,13.849910000000001,45782.01,2088.9,1270.5,50.19,0.8889,18.48
2016-06-22,14.00125,46196.74,2085.45,1268.5,48.99,0.88241,21.17
2016-06-23,14.19943,46826.85,2113.32,1257.0,50.17,0.8757799999999999,17.25
2016-06-24,14.3892,44773.75,2037.41,1318.5,47.56,0.9019799999999999,25.76
2016-06-27,15.00056,44045.53,2000.54,1327.5,46.61,0.9073700000000001,23.85
2016-06-28,14.89006,44613.59,2036.09,1314.5,48.11,0.90269,18.75
2016-06-29,14.8204,44807.16,2070.77,1321.5,49.53,0.8987200000000001,16.639999
2016-06-30,15.101460000000001,44748.53,2098.86,1323.5,48.37,0.90065,15.63
2016-07-01,14.94051,44754.05,2102.95,1344.1,49.27,0.89828,14.77
2016-07-05,14.690679999999999,44118.09,2088.55,1358.3,46.86,0.90369,15.58
2016-07-06,14.4997,43549.58,2099.73,1365.7,47.91,0.9013100000000001,14.96
2016-07-07,14.570570000000002,44077.16,2097.9,1361.5,45.21,0.90395,14.76
2016-07-08,14.700289999999999,44024.66,2129.9,1367.55,45.16,0.90484,13.2
2016-07-11,14.839620000000002,44875.62,2137.16,1355.5,44.55,0.90412,13.54
2016-07-12,14.839620000000002,45140.51,2152.14,1333.5,46.62,0.90379,13.55
2016-07-13,14.690679999999999,45017.78,2152.43,1343.2,45.12,0.90125,13.04
2016-07-14,14.72071,45246.26,2163.75,1335.0,45.49,0.8998299999999999,12.82
2016-07-15,14.690679999999999,45540.6,2161.74,1337.9,46.29,0.9034,12.67
2016-07-18,14.67867,46118.19,2166.89,1329.0,45.94,0.90297,12.44
2016-07-19,14.189820000000001,46251.65,2163.78,1332.2,45.44,0.90761,11.97
2016-07-20,14.099739999999999,46504.82,2173.02,1315.5,45.66,0.9082399999999999,11.77
2016-07-21,14.48049,46639.17,2165.17,1331.0,44.53,0.90694,12.74
2016-07-22,14.359179999999999,46541.69,2175.03,1322.0,44.23,0.9112600000000001,12.02
2016-07-25,14.260689999999999,47026.01,2168.48,1323.2,43.05,0.90961,12.87
2016-07-26,14.54895,46905.6,2169.18,1327.7,42.69,0.9103700000000001,13.05
2016-07-27,14.00125,46803.82,2166.58,1347.85,41.89,0.9045799999999999,12.83
2016-07-28,14.189820000000001,46718.98,2170.06,1342.15,41.11,0.9028,12.72
2016-07-29,13.99044,46171.72,2173.6,1358.05,41.45,0.8945200000000001,11.87
2016-08-01,13.970020000000002,46221.38,2170.84,1359.8,40.06,0.89576,12.44
2016-08-02,13.89075,47031.7,2157.03,1370.3,39.7,0.8911100000000001,13.37
2016-08-03,13.74061,46762.24,2163.79,1364.3,41.16,0.8968799999999999,12.86
2016-08-04,13.78024,47407.09,2164.25,1367.65,41.81,0.8985700000000001,12.42
2016-08-05,13.549629999999999,47604.22,2182.87,1341.95,41.99,0.90196,11.39
2016-08-08,13.380279999999999,47910.99,2180.89,1341.2,42.83,0.90205,11.5
2016-08-09,13.499189999999999,48260.19,2181.74,1346.45,42.74,0.89964,11.66
2016-08-10,13.499189999999999,48400.99,2175.49,1352.55,41.52,0.89417,12.05
2016-08-11,13.43072,48675.96,2185.79,1344.2,43.44,0.8975299999999999,11.68
2016-08-12,13.41031,48631.44,2184.05,1341.8,44.72,0.8959600000000001,11.55
2016-08-16,13.33944,48463.51,2178.15,1351.7,46.37,0.88695,12.64
2016-08-17,11.32015,48006.75,2182.22,1353.85,46.89,0.8859,12.19
2016-08-18,11.08942,47967.07,2187.02,1357.9,48.36,0.8808600000000001,11.43
2016-08-19,11.20088,47536.72,2183.87,1345.3,48.5,0.8827799999999999,11.34
2016-08-22,11.42008,47619.49,2182.64,1342.95,47.38,0.88334,12.27
2016-08-23,11.20088,47524.92,2186.9,1341.85,47.62,0.88435,12.38
2016-08-24,11.39966,47478.83,2175.44,1327.45,46.78,0.88774,13.45
2016-08-25,11.64949,47464.07,2172.47,1324.75,47.37,0.8861600000000001,13.63
2016-08-26,11.590639999999999,47456.36,2169.04,1324.35,47.33,0.8933,13.65
2016-08-29,11.350539999999999,47427.99,2180.38,1326.45,46.96,0.8938799999999999,12.94
2016-08-30,11.39029,47989.59,2176.12,1314.05,46.28,0.8973200000000001,13.12
2016-08-31,11.20088,47935.1,2170.95,1311.85,44.83,0.89623,13.42
2016-09-01,11.18923,47221.32,2170.86,1317.1,43.52,0.8931399999999999,13.48
2016-09-02,10.78013,47405.71,2179.98,1328.25,44.22,0.8963200000000001,11.98
2016-09-06,9.20993,48081.09,2186.48,1354.25,44.89,0.8889799999999999,12.02
2016-09-07,9.79006,48478.28,2186.16,1349.3,46.16,0.88974,11.94
2016-09-08,9.6601,48129.15,2181.3,1341.8,47.33,0.8877200000000001,12.51
2016-09-09,10.00026,47326.14,2127.81,1331.65,45.72,0.89076,17.5
2016-09-12,10.10007,46756.18,2159.04,1331.45,46.06,0.8900600000000001,15.16
2016-09-13,10.10007,46797.85,2127.02,1321.85,44.95,0.89154,17.85
2016-09-14,10.39986,46988.55,2125.77,1326.05,43.64,0.88894,18.139999
2016-09-15,10.25009,47198.39,2147.26,1317.45,43.7,0.88935,16.299999
2016-09-16,10.18967,47166.67,2139.16,1313.25,43.23,0.89656,15.37
2016-09-19,10.2,47405.08,2139.12,1316.4,43.73,0.8948299999999999,15.53
2016-09-20,10.00026,47528.84,2139.76,1318.25,44.44,0.8966799999999999,15.92
2016-09-21,9.98981,47625.23,2163.12,1339.45,45.63,0.8935799999999999,13.3
2016-09-22,10.00026,48154.88,2177.18,1340.5,46.09,0.89225,12.02
2016-09-23,10.00026,47865.78,2164.69,1341.55,44.62,0.89044,12.29
2016-09-26,10.18967,47448.1,2146.1,1341.6,45.61,0.88871,14.5
2016-09-27,10.25009,47278.65,2159.93,1330.5,44.93,0.89138,13.1
2016-09-28,10.39049,47317.71,2171.37,1325.25,47.12,0.8915700000000001,12.39
2016-09-29,10.29993,47494.62,2151.13,1323.0,47.7,0.8913,14.02
2016-09-30,10.3499,47084.94,2168.27,1318.75,48.04,0.8902200000000001,13.29
2016-10-03,10.10956,47399.32,2161.2,1314.0,48.67,0.89195,13.57
2016-10-04,9.66995,47900.66,2150.49,1270.5,49.2,0.89254,13.63
2016-10-05,9.79006,48017.65,2159.73,1268.85,49.72,0.8922399999999999,12.99
2016-10-06,9.65001,48014.44,2160.77,1256.55,50.59,0.89705,12.84
2016-10-07,9.30998,47762.81,2153.74,1258.95,49.57,0.8929799999999999,13.48
2016-10-10,9.5,48027.79,2163.66,1261.0,51.17,0.8978299999999999,13.38
2016-10-11,8.95001,47912.93,2136.73,1254.45,50.87,0.9046299999999999,15.36
2016-10-12,8.94004,47924.95,2139.18,1256.85,50.05,0.90838,15.91
2016-10-13,9.15996,47303.15,2132.55,1259.3,50.53,0.9045799999999999,16.690001000000002
2016-10-14,9.08009,47285.64,2132.98,1251.6,50.32,0.9113899999999999,16.120001000000002
2016-10-17,8.99998,47264.17,2126.5,1256.0,50.07,0.90912,16.209999
2016-10-18,6.9999,47436.67,2139.6,1263.55,50.75,0.9109299999999999,15.28
2016-10-19,6.889880000000001,47876.12,2144.29,1270.0,51.48,0.91122,14.41
2016-10-20,7.19004,47894.17,2141.34,1266.0,50.62,0.9153700000000001,13.75
2016-10-21,7.24,47931.14,2141.16,1267.05,50.98,0.91911,13.34
2016-10-24,7.4999199999999995,48508.91,2151.33,1264.8,50.49,0.91951,13.02
2016-10-25,7.899889999999999,48459.91,2143.16,1274.35,49.32,0.9184,13.46
2016-10-26,7.99994,48381.29,2139.43,1267.45,49.23,0.9168200000000001,14.24
2016-10-27,7.99994,48651.28,2133.04,1269.0,49.62,0.9176,15.36
2016-10-28,7.99994,49070.85,2126.41,1275.5,48.67,0.91043,16.190001000000002
2016-10-31,7.9101,49158.8,2126.15,1277.45,46.96,0.91138,17.059998999999998
2016-11-02,7.98997,47899.1,2097.94,1299.05,45.66,0.9010600000000001,19.32
2016-11-03,7.99994,47899.61,2088.66,1303.85,44.72,0.90045,22.08
2016-11-04,8.48002,47610.85,2085.18,1305.8,44.11,0.89771,22.51
2016-11-07,8.29998,47716.02,2131.52,1282.0,44.93,0.9055799999999999,18.709999
2016-11-08,8.37,48127.63,2139.56,1276.4,44.81,0.90801,18.74
2016-11-09,8.37,48214.73,2163.26,1277.5,45.34,0.91575,14.38
2016-11-10,8.01003,48447.59,2167.48,1258.0,44.27,0.91861,14.74
2016-11-14,7.88992,47539.85,2164.2,1220.5,43.73,0.9307799999999999,14.48
2016-11-15,8.250010000000001,47579.82,2180.39,1228.0,45.79,0.93248,13.37
2016-11-16,7.88992,47634.64,2176.94,1224.0,45.31,0.93453,13.72
2016-11-17,7.4999199999999995,47274.21,2187.12,1215.85,44.94,0.9410700000000001,13.35
2016-11-18,7.950089999999999,46910.91,2181.9,1207.9,45.59,0.9438700000000001,12.85
2016-11-21,8.06,47512.34,2198.18,1213.9,48.3,0.9406,12.42
2016-11-22,7.99994,48030.14,2202.94,1211.5,47.91,0.94096,12.41
2016-11-23,7.99994,48540.67,2204.72,1187.5,47.95,0.94765,12.43
2016-11-25,8.20004,48579.08,2213.35,1183.0,45.99,0.9440299999999999,12.34
2016-11-28,8.20004,48231.47,2201.72,1193.0,46.91,0.9422200000000001,13.15
2016-11-29,8.569980000000001,48199.38,2204.66,1186.5,45.26,0.9390799999999999,12.9
2016-11-30,8.48002,48618.64,2198.81,1174.5,49.01,0.9437200000000001,13.33
2016-12-01,8.04006,48404.21,2191.08,1173.0,50.91,0.9381799999999999,14.07
2016-12-02,8.39006,48474.03,2191.95,1179.0,51.69,0.9376399999999999,14.12
2016-12-05,8.320030000000001,49647.48,2204.71,1172.15,51.01,0.9295100000000001,12.14
2016-12-06,7.850039999999999,50269.7,2212.23,1171.3,50.91,0.93304,11.79
2016-12-07,7.409960000000001,50380.35,2241.35,1175.85,49.84,0.92958,12.22
2016-12-08,7.47001,51123.43,2246.19,1172.0,50.97,0.94221,12.64
2016-12-09,7.19004,50693.75,2259.53,1161.4,51.49,0.9471,11.75
2016-12-12,6.96988,50411.42,2256.96,1164.0,52.39,0.93984,12.64
2016-12-13,7.250089999999999,51139.37,2271.72,1160.0,52.48,0.9411200000000001,12.72
2016-12-14,6.96988,51357.8,2253.28,1144.95,50.77,0.9498200000000001,13.19
2016-12-15,7.009989999999999,50881.35,2262.03,1130.0,51.06,0.9596399999999999,12.79
2016-12-16,6.9999,51115.26,2258.07,1136.65,52.03,0.9576,12.2
2016-12-19,6.800039999999999,51129.31,2262.53,1139.5,53.12,0.9613700000000001,11.71
2016-12-20,7.18007,51485.36,2270.76,1133.5,53.52,0.96244,11.45
2016-12-21,7.289969999999999,51223.85,2265.18,1132.95,52.52,0.9588899999999999,11.27
2016-12-22,7.09995,51423.71,2260.96,1129.85,52.69,0.9582700000000001,11.43
2016-12-23,6.9999,51295.58,2263.79,1134.5,53.23,0.9571299999999999,11.44
2016-12-27,6.950060000000001,51368.63,2268.88,1139.7,53.89,0.9561299999999999,11.99
2016-12-28,6.74995,51329.77,2249.92,1142.35,53.63,0.95978,12.95
2016-12-29,6.889880000000001,51703.91,2249.26,1159.0,53.84,0.95305,13.37
2016-12-30,6.96988,51754.03,2238.83,1152.0,53.9,0.95014,14.04
2017-01-03,7.169980000000001,52532.35,2257.83,1159.0,52.45,0.9606600000000001,12.85
2017-01-04,7.06993,52753.84,2270.75,1164.0,53.37,0.9535100000000001,11.85
2017-01-05,7.19004,52721.67,2269.0,1180.95,53.78,0.94321,11.67
2017-01-09,7.369960000000001,53006.63,2268.9,1181.0,51.77,0.94479,11.56
2017-01-10,7.219939999999999,53409.72,2268.9,1187.75,50.77,0.9471799999999999,11.49
2017-01-11,7.47001,53709.33,2275.32,1191.5,52.37,0.94483,11.26
2017-01-12,8.20004,53650.94,2270.44,1195.0,53.05,0.9422299999999999,11.54
2017-01-13,7.8701,53498.26,2274.64,1197.3,52.55,0.94006,11.23
2017-01-17,7.9699100000000005,53582.55,2267.89,1216.5,52.53,0.9335899999999999,11.87
2017-01-18,7.99994,53431.86,2271.89,1203.0,51.41,0.9404299999999999,12.48
2017-01-19,7.80008,53654.99,2263.69,1204.0,52.17,0.9380700000000001,12.78
2017-01-20,7.59997,53573.28,2271.31,1209.5,53.19,0.9348799999999999,11.54
2017-01-23,7.540039999999999,53425.2,2265.2,1217.85,52.84,0.92832,11.77
2017-01-24,8.400030000000001,53988.51,2280.07,1208.0,52.94,0.93186,11.07
2017-01-25,8.68,55484.56,2298.37,1200.0,52.98,0.93021,10.81
2017-01-26,9.30998,55560.23,2296.68,1188.0,53.73,0.9363600000000001,10.63
2017-01-27,9.15996,55657.7,2294.69,1190.0,53.2,0.93489,10.58
2017-01-30,9.55993,55060.44,2280.9,1197.2,52.59,0.93447,11.88
2017-01-31,9.61999,55232.32,2278.87,1212.35,52.79,0.9262299999999999,11.99
2017-02-01,9.53999,55651.75,2279.55,1211.5,53.56,0.92874,11.81
2017-02-02,9.63993,55303.11,2280.85,1217.5,53.66,0.9292,11.93
2017-02-03,9.51009,55408.23,2297.42,1221.85,53.86,0.9277200000000001,10.97
2017-02-06,9.30998,55654.52,2292.56,1237.25,53.09,0.9303899999999999,11.37
2017-02-07,9.19011,55617.09,2293.08,1235.25,51.69,0.93629,11.29
2017-02-08,9.26999,55642.64,2294.67,1243.0,52.38,0.93496,11.45
2017-02-09,9.18014,56785.52,2307.87,1229.0,53.13,0.9385899999999999,10.88
2017-02-10,9.19011,57385.03,2316.1,1235.0,53.87,0.9401299999999999,10.85
2017-02-13,9.65001,57857.85,2328.25,1226.35,52.88,0.9437200000000001,11.07
2017-02-14,8.99998,57728.1,2337.58,1229.0,53.03,0.9453799999999999,10.74
2017-02-15,8.80011,57899.25,2349.25,1234.55,52.99,0.94405,11.97
2017-02-16,8.99001,58610.28,2347.22,1239.5,53.46,0.9373299999999999,11.76
2017-02-17,8.95001,57972.68,2351.16,1235.85,53.38,0.94265,11.49
2017-02-22,8.98016,59451.12,2362.82,1238.1,53.9,0.9472700000000001,11.74
2017-02-23,9.5,59583.89,2363.81,1250.5,54.37,0.94531,11.71
2017-02-24,9.34998,58657.32,2367.34,1258.05,54.0,0.94676,11.47
2017-02-27,9.5,58681.67,2369.75,1253.45,54.03,0.94455,12.09
2017-02-28,9.62996,58300.37,2363.64,1248.5,53.99,0.94578,12.92
2017-03-01,9.579989999999999,59646.29,2395.96,1250.15,53.67,0.94775,12.54
2017-03-02,9.30001,59743.64,2381.92,1234.45,52.58,0.9517700000000001,11.81
2017-03-03,9.099910000000001,59313.38,2383.12,1234.5,53.23,0.94173,10.96
2017-03-06,9.08009,58995.74,2375.31,1225.45,53.19,0.9450200000000001,11.24
2017-03-07,8.91014,58530.07,2368.39,1215.65,52.8,0.9464299999999999,11.45
2017-03-09,8.99998,57986.6,2364.87,1200.5,49.61,0.94542,12.3
2017-03-10,8.849960000000001,58316.11,2372.6,1204.45,48.4,0.9358200000000001,11.66
2017-03-13,8.849960000000001,59322.58,2373.47,1201.65,48.41,0.93876,11.35
2017-03-14,8.90005,59301.32,2365.45,1198.65,48.43,0.9426,12.3
2017-03-15,8.99998,59109.17,2385.26,1219.15,49.12,0.93195,11.63
2017-03-16,8.90005,60247.18,2381.38,1226.25,48.8,0.92837,11.21
2017-03-17,9.099910000000001,60440.57,2378.25,1229.0,48.67,0.9312799999999999,11.28
2017-03-20,9.23984,60151.62,2373.47,1234.25,49.01,0.93163,11.34
2017-03-21,9.05006,59452.75,2344.02,1245.75,48.13,0.9248200000000001,12.47
2017-03-22,9.30001,58749.94,2348.45,1247.15,48.23,0.9264700000000001,12.81
2017-03-23,9.19996,59093.68,2345.96,1244.8,47.74,0.9274399999999999,13.12
2017-03-24,9.19996,59069.56,2343.98,1243.0,48.1,0.9260700000000001,12.96
2017-03-27,9.19011,58338.9,2341.59,1254.25,47.84,0.92051,12.5
2017-03-28,9.19996,58938.76,2358.57,1251.5,48.44,0.92481,11.53
2017-03-29,9.19996,58709.72,2361.13,1253.0,49.61,0.9287200000000001,11.42
2017-03-30,9.19996,58527.2,2368.06,1241.0,50.34,0.9360799999999999,11.54
2017-03-31,9.18014,57911.31,2362.72,1247.4,50.81,0.93739,12.37
2017-04-03,9.19996,58636.31,2358.84,1255.0,50.26,0.93732,12.38
2017-04-04,9.02989,59015.12,2360.16,1257.5,51.09,0.93642,11.79
2017-04-05,8.99001,59369.66,2352.95,1257.5,50.8,0.9375,12.89
2017-04-06,8.74991,59406.36,2357.49,1253.65,51.73,0.9396200000000001,12.39
2017-04-07,8.75988,59287.92,2355.54,1255.95,52.31,0.94381,12.87
2017-04-10,8.54993,59112.38,2357.16,1256.15,53.14,0.9437700000000001,14.05
2017-04-11,8.600010000000001,58510.03,2353.78,1276.0,53.41,0.9428700000000001,15.07
2017-04-12,8.54993,58377.92,2344.93,1288.5,52.81,0.93753,15.77
2017-04-13,8.400030000000001,58695.36,2328.95,1289.45,52.89,0.94204,15.96
2017-04-18,8.44002,58762.99,2342.19,1291.0,52.37,0.93195,14.42
2017-04-19,8.29998,59515.17,2338.17,1281.5,50.85,0.9336399999999999,14.93
2017-04-20,8.090019999999999,59700.07,2355.84,1283.0,50.71,0.93321,14.15
2017-04-21,7.9699100000000005,59285.57,2348.69,1285.5,49.61,0.93466,14.63
2017-04-24,8.38009,60061.41,2374.15,1276.78,49.2,0.9204,10.84
2017-04-25,8.29998,61182.78,2388.61,1265.16,49.36,0.9150799999999999,10.76
2017-04-26,8.21998,61699.64,2387.45,1270.03,49.24,0.9170200000000001,10.85
2017-04-27,7.899889999999999,61731.8,2388.77,1265.61,49.22,0.91963,10.36
2017-04-28,7.75996,61644.56,2384.2,1269.65,49.14,0.9181,10.82
2017-05-02,8.20004,62066.66,2391.17,1258.16,48.04,0.91501,10.59
2017-05-04,7.59991,61862.8,2389.52,1229.03,45.48,0.91081,10.46
2017-05-05,7.50007,61831.4,2399.29,1229.01,46.51,0.90941,10.57
2017-05-08,7.4,61687.05,2399.38,1226.57,46.48,0.91558,9.77
2017-05-09,7.299930000000001,62336.39,2396.92,1221.55,46.16,0.9195,9.96
2017-05-11,7.13995,61598.78,2394.44,1225.11,47.82,0.9206200000000001,10.6
2017-05-12,7.38996,61595.38,2390.9,1228.7,47.88,0.91495,10.4
2017-05-15,7.1201,61795.32,2402.32,1230.05,48.81,0.9109999999999999,10.42
2017-05-16,6.99994,61000.25,2400.67,1236.82,48.24,0.90245,10.65
2017-05-17,6.8000300000000005,60133.08,2357.03,1261.02,48.95,0.89579,15.59
2017-05-18,6.8000300000000005,59901.12,2365.72,1247.05,49.34,0.90089,14.66
2017-05-19,6.700069999999999,60739.95,2381.73,1255.07,50.48,0.89255,12.04
2017-05-22,6.700069999999999,61024.86,2394.02,1260.28,51.02,0.8899299999999999,10.93
2017-05-23,6.780060000000001,60407.7,2398.42,1251.01,51.49,0.89407,10.72
2017-05-24,6.81007,60812.49,2404.39,1258.51,51.29,0.8917700000000001,10.02
2017-05-25,6.7899899999999995,61536.22,2415.07,1255.49,48.67,0.89207,9.99
2017-05-26,6.85001,60907.75,2415.82,1266.65,49.87,0.89512,9.81
2017-05-30,6.9900199999999995,60344.58,2412.91,1262.64,49.65,0.89428,10.38
2017-05-31,6.99994,60092.07,2411.8,1268.71,48.64,0.88939,10.41
2017-06-01,6.69003,60181.96,2430.06,1265.76,48.05,0.8917299999999999,9.89
2017-06-02,6.700069999999999,60754.42,2439.07,1278.77,47.78,0.88638,9.75
2017-06-05,6.700069999999999,60179.36,2436.1,1282.2,47.38,0.8885200000000001,10.07
2017-06-06,6.89987,60723.47,2429.33,1296.76,47.97,0.8866700000000001,10.45
2017-06-07,6.700069999999999,60752.25,2433.14,1289.6,45.8,0.88818,10.39
2017-06-08,6.780060000000001,61312.68,2433.79,1280.66,45.67,0.8926299999999999,10.16
2017-06-09,6.89987,61181.57,2431.77,1269.45,45.91,0.89318,10.7
2017-06-12,6.700069999999999,60354.56,2429.39,1268.0,46.01,0.89241,11.46
2017-06-13,6.60993,60518.24,2440.35,1268.66,45.95,0.89215,10.42
2017-06-14,6.74994,60381.07,2437.92,1263.26,44.66,0.8914799999999999,10.64
2017-06-16,6.81988,60481.07,2433.15,1255.79,44.7,0.89275,10.38
2017-06-19,6.52994,61048.15,2453.46,1245.22,44.31,0.8968,10.37
2017-06-20,6.8000300000000005,60841.94,2437.03,1244.72,43.34,0.8981299999999999,10.86
2017-06-21,6.56007,61162.22,2435.61,1247.99,42.52,0.8954200000000001,10.75
2017-06-22,6.56007,60987.33,2434.5,1252.34,42.78,0.89671,10.48
2017-06-26,6.50005,61701.57,2439.07,1245.61,43.48,0.89418,9.9
2017-06-27,6.83997,61915.09,2419.38,1247.95,43.73,0.88216,11.06
2017-06-28,6.570110000000001,61411.73,2440.69,1250.53,44.88,0.879,10.03
2017-06-29,6.599889999999999,61475.96,2419.7,1246.03,44.84,0.8741,11.44
2017-06-30,6.99994,61018.36,2423.41,1242.48,46.33,0.87561,11.18
2017-07-03,6.89987,61392.77,2429.01,1220.95,47.05,0.8799600000000001,11.22
2017-07-05,6.9900199999999995,60936.64,2432.54,1226.11,45.62,0.8809899999999999,11.07
2017-07-06,7.200089999999999,60869.83,2409.75,1224.55,45.33,0.8754799999999999,12.54
2017-07-07,7.24995,60707.52,2425.18,1211.98,44.36,0.8769,11.19
2017-07-10,7.08997,60829.24,2427.43,1213.49,44.55,0.8773799999999999,11.11
2017-07-11,7.07993,60700.46,2425.53,1216.94,45.77,0.87226,10.89
2017-07-12,7.10001,61601.72,2443.25,1219.1,45.49,0.87621,10.3
2017-07-13,6.35011,62018.68,2447.83,1217.3,46.08,0.87715,9.9
2017-07-14,6.19995,62127.72,2459.27,1227.5,46.54,0.87182,9.51
2017-07-17,6.000030000000001,62537.74,2459.14,1233.7,46.02,0.8711899999999999,9.82
2017-07-18,6.11003,62331.5,2460.61,1241.9,46.4,0.8655,9.89
2017-07-19,5.89996,62533.46,2473.83,1242.0,47.32,0.8682200000000001,9.79
2017-07-20,5.92004,62269.72,2473.45,1245.5,46.92,0.85964,9.58
2017-07-21,5.790080000000001,61979.52,2472.54,1254.9,45.77,0.8570399999999999,9.36
2017-07-24,5.44993,61828.39,2469.91,1254.3,46.34,0.8593299999999999,9.43
2017-07-25,5.17995,61974.7,2477.13,1252.1,47.89,0.8585200000000001,9.43
2017-07-26,5.44993,62362.29,2477.83,1249.4,48.75,0.8513,9.6
2017-07-27,5.50002,62171.7,2475.42,1260.0,49.04,0.85651,10.11
2017-07-28,5.50002,62366.5,2472.1,1268.4,49.71,0.8504200000000001,10.29
2017-07-31,5.39995,62595.76,2470.3,1266.6,50.17,0.84488,10.26
2017-08-01,5.44993,62800.96,2476.35,1272.6,49.16,0.84703,10.09
2017-08-02,5.4101099999999995,62409.52,2477.57,1271.8,49.59,0.8435,10.28
2017-08-03,5.39995,62231.08,2472.16,1267.8,49.03,0.84241,10.44
2017-08-04,5.34997,62478.3,2476.83,1258.3,49.58,0.8489200000000001,10.03
2017-08-07,5.379980000000001,62684.88,2480.91,1264.7,49.39,0.84778,9.93
2017-08-08,5.48005,63351.24,2474.92,1262.6,49.17,0.8511200000000001,10.96
2017-08-09,5.47001,62932.28,2474.02,1279.3,49.56,0.85035,11.11
2017-08-10,5.44,62451.57,2438.21,1290.1,48.59,0.84949,16.040001
2017-08-11,5.39995,62206.45,2441.32,1294.0,48.82,0.84567,15.51
2017-08-14,5.44993,62313.07,2465.84,1290.4,47.59,0.84916,12.33
2017-08-16,5.49009,62481.19,2468.11,1282.9,46.78,0.84949,11.74
2017-08-17,5.6099,61949.4,2430.01,1292.4,47.09,0.8528100000000001,15.55
2017-08-18,5.6099,62053.31,2425.55,1291.6,48.51,0.8500700000000001,14.26
2017-08-21,5.58994,62423.94,2428.37,1296.7,47.53,0.84649,13.19
2017-08-22,5.55011,62649.41,2452.51,1291.0,47.83,0.84996,11.35
2017-08-23,5.53996,62699.83,2444.04,1294.7,48.41,0.84677,12.25
2017-08-24,5.58994,63886.54,2438.97,1292.0,47.43,0.84745,12.23
2017-08-25,5.8099300000000005,64135.52,2443.05,1297.9,47.87,0.8386399999999999,11.28
2017-08-28,5.70005,65170.56,2444.24,1315.3,46.57,0.8348700000000001,11.32
2017-08-29,5.64003,64388.43,2446.3,1318.9,46.44,0.83554,11.7
2017-08-30,5.669919999999999,64957.87,2457.59,1314.1,45.96,0.8407600000000001,11.22
2017-08-31,5.62006,64973.76,2471.65,1322.2,47.23,0.8388200000000001,10.59
2017-09-01,5.6500699999999995,65208.48,2476.55,1330.4,47.29,0.84285,10.13
2017-09-05,5.59998,64994.9,2457.85,1344.5,48.66,0.8393799999999999,12.23
2017-09-06,5.6799599999999995,64768.25,2465.54,1339.0,49.16,0.8388,11.63
2017-09-07,5.64003,64381.87,2465.1,1350.3,49.09,0.8320000000000001,11.55
2017-09-08,5.49009,64306.53,2461.43,1351.2,47.48,0.83137,12.12
2017-09-11,5.49009,64876.56,2488.11,1335.7,48.07,0.83646,10.73
2017-09-12,5.50002,64826.07,2496.48,1332.7,48.23,0.8357399999999999,10.58
2017-09-13,5.49009,64719.8,2498.37,1328.0,49.3,0.8411200000000001,10.5
2017-09-14,5.44993,64748.47,2495.62,1329.3,49.89,0.8393200000000001,10.44
2017-09-15,5.36001,64535.67,2500.23,1325.2,49.89,0.83716,10.17
2017-09-18,5.44,64647.04,2503.87,1310.8,50.35,0.8366899999999999,10.15
2017-09-19,5.44993,64750.09,2506.65,1310.6,49.9,0.83367,10.18
2017-09-20,5.50002,64749.5,2508.24,1316.4,50.69,0.84088,9.78
2017-09-21,5.4101099999999995,64209.19,2500.6,1294.8,50.55,0.8375,9.67
2017-09-22,5.4101099999999995,64397.32,2502.22,1297.5,50.66,0.8373200000000001,9.59
2017-09-25,5.36994,63895.84,2496.66,1311.5,52.22,0.8441200000000001,10.21
2017-09-26,5.50002,63700.76,2496.84,1301.7,51.88,0.84809,10.17
2017-09-27,5.39002,63573.49,2507.04,1287.8,52.14,0.8514799999999999,9.87
2017-09-28,5.49009,63729.77,2510.06,1288.7,51.56,0.8486299999999999,9.55
2017-09-29,5.39995,64289.69,2519.36,1284.8,51.67,0.8460200000000001,9.51
2017-10-02,5.39002,64486.26,2529.12,1275.8,50.58,0.8522299999999999,9.45
2017-10-03,5.39002,64407.81,2534.58,1274.6,50.42,0.8519899999999999,9.51
2017-10-04,5.39002,63825.7,2537.74,1276.8,49.98,0.85056,9.63
2017-10-05,5.36994,64185.71,2552.07,1273.2,50.79,0.8538399999999999,9.19
2017-10-06,5.379980000000001,64456.06,2549.33,1274.9,49.29,0.8521799999999999,9.65
2017-10-09,5.29999,64755.22,2544.73,1285.0,49.58,0.8517,10.33
2017-10-10,5.23997,65046.57,2550.64,1293.8,50.92,0.84685,10.08
2017-10-11,5.23997,65733.79,2555.24,1288.9,51.3,0.8431200000000001,9.85
2017-10-12,5.39002,65529.1,2550.93,1296.5,50.6,0.84519,9.91
2017-10-13,5.10989,65318.72,2553.17,1304.6,51.45,0.8460700000000001,9.61
2017-10-16,5.20004,65435.72,2557.64,1303.0,51.87,0.84762,9.91
2017-10-17,5.15006,64854.15,2559.36,1286.2,51.88,0.8499200000000001,10.31
2017-10-18,5.00001,64474.44,2561.26,1283.0,52.04,0.84803,10.07
2017-10-19,4.799980000000001,63745.0,2562.1,1290.0,51.29,0.8441299999999999,10.05
2017-10-20,4.6599699999999995,63719.57,2575.21,1280.5,51.47,0.84977,9.97
2017-10-23,4.8301099999999995,63714.74,2564.98,1280.9,51.9,0.85111,11.07
2017-10-24,4.799980000000001,63016.86,2569.13,1278.3,52.47,0.85008,11.16
2017-10-25,5.20004,63158.16,2557.15,1279.0,52.18,0.8463200000000001,11.23
2017-10-26,5.18999,63342.71,2560.4,1269.6,52.64,0.85805,11.3
2017-10-27,5.22,64054.62,2581.07,1271.8,53.9,0.8622,9.8
2017-10-30,5.12005,64640.8,2572.83,1277.7,54.15,0.8588600000000001,10.5
2017-10-31,5.04999,64866.57,2575.26,1270.5,54.38,0.8583799999999999,10.18
2017-11-02,5.12997,64375.83,2579.85,1278.1,54.54,0.85783,9.93
2017-11-03,5.339930000000001,64214.11,2587.84,1269.2,55.64,0.8614700000000001,9.14
2017-11-06,5.44993,64565.59,2591.13,1281.6,57.35,0.8613200000000001,9.4
2017-11-07,5.39002,65134.28,2590.64,1275.8,57.2,0.86256,9.89
2017-11-08,5.25001,64617.71,2594.38,1283.7,56.81,0.86255,9.78
2017-11-09,5.339930000000001,63923.62,2584.62,1287.5,57.17,0.85885,10.5
2017-11-10,5.28995,63415.6,2582.3,1274.2,56.74,0.8572,11.29
2017-11-13,3.15994,63160.3,2584.84,1278.9,56.76,0.8572799999999999,11.5
2017-11-14,3.3199099999999997,63256.2,2578.87,1282.9,55.7,0.84759,11.59
2017-11-15,3.40001,62345.85,2564.62,1277.7,55.33,0.84954,13.13
2017-11-16,3.51994,62299.29,2585.64,1278.2,55.14,0.8495299999999999,11.76
2017-11-17,3.44999,63047.02,2578.85,1296.5,56.55,0.84798,11.43
2017-11-20,3.51994,63621.92,2582.14,1275.3,56.42,0.85221,10.65
2017-11-21,3.48,64010.67,2599.03,1281.7,56.83,0.85224,9.73
2017-11-22,3.85005,63993.34,2597.08,1292.35,58.05,0.8462,9.88
2017-11-24,3.9599300000000004,63857.97,2602.42,1287.3,58.95,0.8381799999999999,9.67
2017-11-27,4.160080000000001,64177.91,2601.42,1294.4,58.11,0.84035,9.87
2017-11-28,4.450019999999999,63961.27,2627.04,1294.9,57.99,0.8441,10.03
2017-11-29,4.4599400000000005,62962.26,2626.07,1282.1,57.3,0.8439,10.7
2017-11-30,4.55009,62440.31,2647.58,1273.2,57.4,0.84105,11.28
2017-12-01,4.2199800000000005,62031.02,2642.22,1278.8,58.36,0.84077,11.43
2017-12-04,4.06,62350.23,2639.44,1277.7,57.47,0.84259,11.68
2017-12-05,4.1698900000000005,62507.04,2629.57,1264.9,57.62,0.8453799999999999,11.33
2017-12-06,4.2199800000000005,62165.24,2629.27,1266.1,55.96,0.84724,11.02
2017-12-07,4.35999,62164.65,2636.98,1253.1,56.69,0.8492,10.16
2017-12-08,4.4200099999999996,62430.24,2651.5,1248.4,57.36,0.85,9.58
2017-12-11,4.450019999999999,62000.65,2659.99,1246.9,57.99,0.8493799999999999,9.34
2017-12-12,4.32005,62532.46,2664.11,1241.7,57.14,0.85201,9.92
2017-12-13,4.55009,62547.97,2662.85,1248.6,56.6,0.84559,10.18
2017-12-14,4.56994,62916.39,2652.01,1257.1,57.04,0.84998,10.49
2017-12-15,4.67994,62619.6,2675.81,1257.5,57.3,0.85078,9.42
2017-12-18,4.450019999999999,63538.95,2690.16,1265.5,57.22,0.8486799999999999,9.53
2017-12-19,4.34002,63406.04,2681.47,1264.2,57.56,0.84446,10.03
2017-12-20,4.29997,63355.53,2679.25,1269.6,58.09,0.8422799999999999,9.72
2017-12-21,4.39,63477.25,2684.57,1270.6,58.36,0.84273,9.62
2017-12-22,4.29997,63237.38,2683.34,1278.8,58.47,0.8433799999999999,9.9
2017-12-27,4.29997,63918.87,2682.62,1291.4,59.64,0.84039,10.47
2017-12-28,4.429930000000001,64053.47,2687.54,1297.2,59.84,0.8376299999999999,10.18
2017-12-29,4.46999,63746.2,2673.61,1309.3,60.42,0.8332799999999999,11.04
2018-01-03,4.450019999999999,63896.32,2713.06,1318.5,61.63,0.8326,9.15
2018-01-04,4.55009,65297.96,2723.99,1321.6,62.01,0.82837,9.22
2018-01-05,4.450019999999999,65314.32,2743.15,1322.3,61.44,0.8304299999999999,9.22
2018-01-08,4.40004,65805.97,2747.71,1320.4,61.73,0.8355299999999999,9.52
2018-01-09,4.50992,65404.37,2751.29,1313.7,62.96,0.83781,10.08
2018-01-10,4.53993,64884.73,2748.23,1319.3,63.57,0.83685,9.82
2018-01-11,4.59995,65379.88,2767.56,1322.5,63.8,0.8306600000000001,9.88
2018-01-12,4.60999,65465.65,2786.24,1334.9,64.3,0.82034,10.16
2018-01-16,4.64,66437.64,2776.42,1337.1,63.73,0.81592,11.66
2018-01-17,4.64,66685.33,2802.56,1339.2,63.97,0.82196,11.91
2018-01-18,4.85007,66709.12,2798.03,1327.2,63.95,0.81693,12.22
2018-01-19,4.93999,66897.08,2810.3,1333.1,63.37,0.81834,11.27
2018-01-22,5.00001,67308.69,2832.97,1331.9,63.57,0.8155899999999999,11.03
2018-01-23,4.90005,67529.39,2839.13,1336.7,64.47,0.81317,11.1
2018-01-24,4.93999,67339.21,2837.54,1356.3,65.61,0.80615,11.47
2018-01-25,4.96988,66561.79,2839.25,1362.9,65.51,0.80818,11.58
2018-01-26,4.96988,66861.37,2872.87,1352.1,66.14,0.8052199999999999,11.08
2018-01-29,4.99008,66769.38,2853.53,1340.3,65.56,0.8075899999999999,13.84
2018-01-30,4.99008,66153.16,2822.43,1335.4,64.5,0.80611,14.79
2018-01-31,4.91009,66048.17,2823.81,1339.0,64.73,0.80565,13.54
2018-02-01,4.91009,65585.79,2821.98,1347.9,65.8,0.79973,13.47
2018-02-02,4.91009,65021.36,2762.13,1337.3,65.45,0.8024899999999999,17.309998999999998
2018-02-05,5.15998,64685.64,2648.94,1336.5,64.15,0.80803,37.32
2018-02-06,5.0399400000000005,62527.37,2695.14,1329.5,63.39,0.8075399999999999,29.98
2018-02-07,5.20004,63262.13,2681.66,1314.6,61.79,0.81607,27.73
2018-02-08,5.39995,62604.89,2581.0,1319.0,61.15,0.81648,33.459998999999996
2018-02-09,5.379980000000001,61952.62,2619.55,1315.7,59.2,0.8173199999999999,29.059998999999998
2018-02-12,5.31996,62602.34,2656.0,1326.4,59.29,0.8136,25.610001
2018-02-13,5.50002,63008.51,2662.94,1330.4,59.19,0.8097300000000001,24.969998999999998
2018-02-14,5.84006,63500.92,2698.63,1358.0,60.6,0.80295,19.26
2018-02-15,5.8,63078.16,2731.2,1355.3,61.34,0.79993,19.129998999999998
2018-02-16,5.89996,62818.71,2732.22,1356.2,61.68,0.80604,19.459999
2018-02-20,5.86002,62858.56,2716.26,1331.2,61.79,0.81066,20.6
2018-02-21,5.76007,62603.25,2701.33,1332.1,61.68,0.81462,20.02
2018-02-22,5.7800400000000005,62717.27,2703.96,1332.7,62.77,0.81105,18.719998999999998
2018-02-23,5.72002,62665.06,2747.3,1330.3,63.55,0.8135100000000001,16.49
2018-02-26,5.76007,62659.44,2779.6,1332.8,63.91,0.81213,15.8
2018-02-27,5.98006,62928.22,2744.28,1318.6,63.01,0.8172699999999999,18.59
2018-02-28,5.98006,61703.18,2713.83,1317.9,61.64,0.82011,19.85
2018-03-01,5.94001,61116.96,2677.67,1305.2,60.99,0.8146899999999999,22.469998999999998
2018-03-02,5.98006,60580.36,2691.25,1323.4,61.25,0.81108,19.59
2018-03-05,5.89996,60854.63,2720.94,1319.9,62.57,0.81074,18.73
2018-03-06,6.039969999999999,61118.06,2728.12,1335.2,62.6,0.80506,18.360001
2018-03-07,6.30002,61635.69,2726.8,1327.6,61.15,0.80575,17.76
2018-03-08,6.24,61036.99,2738.97,1321.7,60.12,0.81212,16.540001
2018-03-09,6.3800099999999995,61688.08,2786.57,1324.0,62.04,0.8126,14.64
2018-03-12,6.26008,62241.93,2783.02,1320.8,61.36,0.8107800000000001,15.78
2018-03-13,6.3800099999999995,61740.09,2765.31,1327.1,60.71,0.80686,16.35
2018-03-14,6.24,61399.9,2749.48,1325.6,60.96,0.80852,17.23
2018-03-15,6.1799800000000005,61156.91,2747.33,1317.8,61.19,0.8126,16.59
2018-03-16,5.81997,60391.42,2752.01,1312.3,62.34,0.81374,15.8
2018-03-19,5.66,59596.35,2712.92,1317.8,62.13,0.8107,19.02
2018-03-20,5.92004,59959.9,2716.94,1311.9,63.54,0.81662,18.200001
2018-03-21,6.000030000000001,60932.26,2711.93,1321.5,65.17,0.81021,17.860001
2018-03-22,5.86002,59862.55,2643.69,1327.4,64.3,0.81166,23.34
2018-03-23,5.73998,59436.36,2588.26,1349.9,65.88,0.80947,24.870001000000002
2018-03-26,6.000030000000001,58965.53,2658.55,1355.0,65.55,0.80335,21.030001000000002
2018-03-27,5.419919999999999,59077.72,2612.62,1342.0,65.25,0.80603,22.5
2018-03-28,5.50002,58176.39,2605.0,1324.2,64.38,0.81233,22.870001000000002
2018-03-29,5.50002,58377.42,2640.87,1322.8,64.94,0.81286,19.969998999999998
2018-04-03,5.50002,58902.2,2614.45,1337.3,63.51,0.81499,21.1
2018-04-04,5.50002,58354.95,2644.69,1340.2,63.37,0.81416,20.059998999999998
2018-04-05,5.66,59244.04,2662.84,1328.5,63.54,0.81705,18.940001000000002
2018-04-06,5.73998,59553.13,2604.47,1336.1,62.06,0.81398,21.49
2018-04-09,5.76007,59699.72,2613.16,1340.1,63.42,0.8115399999999999,21.77
2018-04-10,5.8,59860.3,2656.87,1345.9,65.51,0.80948,20.469998999999998
2018-04-11,5.8,59740.56,2642.19,1360.0,66.82,0.8085600000000001,20.24
2018-04-12,5.7800400000000005,60393.23,2663.99,1341.9,67.07,0.81125,18.49
2018-04-16,5.7800400000000005,60264.16,2677.84,1350.7,66.22,0.80772,16.559998999999998
2018-04-17,5.81997,60294.06,2706.39,1349.5,66.52,0.80815,15.25
2018-04-18,5.62006,60517.08,2708.64,1353.5,68.47,0.80787,15.6
2018-04-19,5.62006,60629.81,2693.13,1348.8,68.29,0.80997,15.96
2018-04-20,5.70005,60144.37,2670.14,1338.3,68.38,0.81417,16.879998999999998
2018-04-23,5.73998,59952.53,2670.29,1324.0,68.64,0.81909,16.34
2018-04-24,5.84006,59485.35,2634.56,1333.0,67.7,0.8174,18.02
2018-04-25,6.599889999999999,59243.55,2639.4,1322.8,68.05,0.82219,17.84
2018-04-26,6.679869999999999,59628.04,2666.94,1317.9,68.19,0.82609,16.24
2018-04-27,6.679869999999999,59567.47,2669.91,1323.4,68.1,0.8244,15.41
2018-04-30,6.50005,59932.46,2648.05,1319.2,68.57,0.82788,15.93
2018-05-02,6.599889999999999,60066.46,2635.67,1305.6,67.93,0.8364,15.97
2018-05-04,6.45999,58883.65,2663.42,1314.7,69.72,0.8363,14.77
2018-05-07,6.580030000000001,58596.43,2672.63,1314.1,70.73,0.8387600000000001,14.75
2018-05-08,6.599889999999999,58869.0,2671.92,1313.7,69.06,0.84298,14.71
2018-05-09,6.56007,59691.85,2697.79,1313.0,71.14,0.84375,13.42
2018-05-10,6.580030000000001,60091.26,2723.07,1322.3,71.36,0.8391700000000001,13.23
2018-05-11,6.56007,60784.11,2727.72,1320.7,70.7,0.8372,12.65
2018-05-14,5.959980000000001,60738.69,2730.13,1318.2,70.96,0.83844,12.93
2018-05-15,5.70005,59723.95,2711.45,1290.3,71.31,0.84473,14.63
2018-05-16,5.51999,59791.27,2722.46,1291.5,71.49,0.8466100000000001,13.42
2018-05-17,5.73998,59337.27,2720.13,1289.4,71.49,0.84782,13.43
2018-05-18,5.56004,58740.33,2712.97,1291.3,71.28,0.84978,13.42
2018-05-21,5.70005,59335.68,2733.01,1290.9,72.35,0.8479200000000001,13.08
2018-05-22,5.8,59015.14,2724.44,1292.0,72.2,0.84901,13.22
2018-05-23,5.84006,58033.72,2733.29,1289.6,71.84,0.8544,12.58
2018-05-29,5.8,57871.23,2689.86,1299.0,66.73,0.86616,17.02
2018-05-30,5.87999,57282.73,2724.01,1301.5,68.21,0.85708,14.94
2018-06-01,5.73998,57890.11,2734.62,1294.8,65.81,0.85782,13.46
2018-06-04,5.59998,58206.49,2746.87,1297.3,64.75,0.8549100000000001,12.74
2018-06-05,5.8,59089.6,2748.8,1302.2,65.52,0.8534200000000001,12.4
2018-06-06,5.72002,59080.88,2772.35,1301.4,64.73,0.84911,11.64
2018-06-07,5.7800400000000005,59412.76,2770.37,1303.0,65.95,0.84759,12.13
2018-06-08,5.7800400000000005,59015.21,2779.03,1302.7,65.74,0.84985,12.18
2018-06-11,5.7800400000000005,58680.16,2782.0,1303.2,66.1,0.8487,12.35
2018-06-12,5.72002,58975.59,2786.85,1299.4,66.36,0.8513799999999999,12.34
2018-06-13,5.70005,58686.19,2775.63,1301.3,66.64,0.84788,12.94
2018-06-14,5.53996,58603.93,2782.49,1308.3,66.89,0.86406,12.12
2018-06-15,5.50002,57693.09,2779.66,1278.5,65.06,0.86139,11.98
2018-06-18,5.50002,56474.0,2773.75,1280.1,65.69,0.8604700000000001,12.31
2018-06-19,5.379980000000001,55911.98,2762.59,1278.6,64.9,0.8632,13.35
2018-06-20,5.39995,56638.39,2767.32,1274.5,65.71,0.8640100000000001,12.79
2018-06-21,5.379980000000001,56425.25,2749.76,1270.5,65.54,0.86145,14.64
2018-06-22,5.339930000000001,56610.74,2754.88,1270.7,68.58,0.8577100000000001,13.77
2018-06-25,5.379980000000001,56416.37,2717.07,1268.9,68.08,0.85464,17.33
2018-06-26,5.31996,56264.51,2723.06,1259.9,70.53,0.85859,15.92
2018-06-27,5.379980000000001,56101.8,2699.63,1256.1,72.76,0.86513,17.91
2018-06-28,5.29999,55169.77,2716.31,1251.0,73.45,0.8648299999999999,16.85
2018-06-29,5.48005,55954.44,2718.37,1254.5,74.15,0.85639,16.09
2018-07-02,5.2800199999999995,55627.24,2726.71,1241.7,73.94,0.85945,15.6
2018-07-03,5.22,56393.58,2713.22,1253.5,74.14,0.85774,16.139999
2018-07-05,5.419919999999999,56719.88,2736.61,1258.8,72.94,0.8554299999999999,14.97
2018-07-06,5.459969999999999,56497.02,2759.82,1255.8,73.8,0.8513200000000001,13.37
2018-07-09,5.459969999999999,56413.96,2784.17,1259.6,73.85,0.8511799999999999,12.69
2018-07-10,5.39995,57041.58,2793.84,1255.4,74.11,0.85183,12.64
2018-07-11,5.36001,56544.08,2774.02,1244.4,70.38,0.85661,13.63
2018-07-12,5.36001,56671.44,2798.29,1246.6,70.33,0.85696,12.58
2018-07-16,5.59998,56205.55,2798.43,1239.7,67.07,0.85393,12.83
2018-07-17,5.70005,56483.22,2809.55,1227.3,67.16,0.85772,12.06
2018-07-18,5.66,56440.97,2815.62,1227.9,67.75,0.8588,12.1
2018-07-19,5.53996,56585.5,2804.49,1224.0,68.24,0.8587,12.87
2018-07-20,5.53996,57303.81,2801.83,1231.1,68.26,0.8526299999999999,12.86
2018-07-23,5.58001,57787.35,2806.98,1225.6,67.89,0.85549,12.62
2018-07-24,5.59998,58629.5,2820.4,1225.5,68.52,0.85593,12.41
2018-07-25,5.66,58978.27,2846.07,1231.8,69.3,0.8529399999999999,12.29
2018-07-26,6.080019999999999,59871.2,2837.44,1225.7,69.61,0.85914,12.14
2018-07-27,6.080019999999999,59650.51,2818.82,1223.0,68.69,0.85765,13.03
2018-07-30,6.14004,60334.84,2802.6,1221.3,70.13,0.85431,14.26
2018-07-31,6.080019999999999,59964.47,2816.29,1223.7,68.76,0.85559,12.83
2018-08-01,6.080019999999999,60226.42,2813.36,1217.9,67.66,0.8575799999999999,13.15
2018-08-02,5.89996,59484.35,2827.22,1220.1,68.96,0.86308,12.19
2018-08-03,5.94001,59605.67,2840.35,1223.2,68.49,0.86411,11.64
2018-08-06,6.30002,59707.8,2850.4,1217.7,69.01,0.86561,11.27
2018-08-07,6.24,59950.14,2858.45,1218.3,69.17,0.86231,10.93
2018-08-08,6.22003,60097.89,2857.7,1221.0,66.94,0.86103,10.85
2018-08-09,6.27993,60455.75,2853.58,1219.9,66.81,0.86746,11.27
2018-08-10,6.1799800000000005,58783.91,2833.28,1219.0,67.63,0.8769899999999999,13.16
2018-08-13,6.1799800000000005,58882.57,2821.93,1198.9,67.2,0.87676,14.78
2018-08-14,6.27993,59114.08,2839.96,1200.7,67.04,0.8814,13.31
2018-08-16,6.22003,58921.44,2840.69,1184.0,65.46,0.8791399999999999,13.45
2018-08-17,6.24,58130.92,2850.13,1184.2,65.91,0.8741700000000001,12.64
2018-08-20,6.19995,58371.01,2857.05,1194.6,65.42,0.8702799999999999,12.49
2018-08-21,6.24,59283.11,2862.96,1200.0,65.84,0.86418,12.86
2018-08-22,6.22003,59546.09,2861.82,1203.3,67.86,0.86246,12.25
2018-08-23,6.31999,60044.45,2856.98,1194.0,67.83,0.8663,12.41
2018-08-24,6.35992,59900.47,2874.69,1213.3,68.72,0.86016,11.99
2018-08-27,6.30002,61083.54,2896.74,1216.0,68.87,0.8562200000000001,12.16
2018-08-28,6.31999,61426.67,2897.52,1214.4,68.53,0.8551799999999999,12.5
2018-08-29,6.30002,61225.82,2914.04,1211.5,69.51,0.85403,12.25
2018-08-30,6.27993,60690.32,2901.13,1205.0,70.25,0.8571,13.53
2018-08-31,5.94001,60201.08,2901.52,1206.7,69.8,0.86134,12.86
2018-09-04,5.59998,59418.32,2896.72,1199.1,69.87,0.86349,13.16
2018-09-05,5.59998,58735.0,2888.6,1201.3,68.72,0.85959,13.91
2018-09-06,5.59998,58469.6,2878.05,1204.3,67.77,0.8603299999999999,14.65
2018-09-07,5.2800199999999995,57580.05,2871.68,1200.4,67.75,0.8651200000000001,14.88
2018-09-10,5.6799599999999995,57843.93,2877.13,1199.8,67.54,0.86234,14.16
2018-09-11,5.66,57575.14,2887.89,1202.2,69.25,0.86208,13.22
2018-09-12,5.56004,56858.6,2888.92,1210.9,70.37,0.85993,13.14
2018-09-13,5.53996,57493.38,2904.18,1208.2,68.59,0.85544,12.37
2018-09-14,5.56004,57632.29,2904.98,1201.1,68.99,0.86029,12.07
2018-09-17,5.50002,57048.33,2888.8,1205.8,68.68,0.8557799999999999,13.68
2018-09-18,5.22,57527.82,2904.31,1202.9,69.59,0.8567799999999999,12.79
2018-09-19,5.00001,58117.99,2907.95,1208.3,70.77,0.85669,11.75
2018-09-20,5.00001,58231.57,2930.75,1211.3,70.32,0.8491200000000001,11.8
2018-09-21,4.90005,58237.83,2929.67,1201.3,70.78,0.8512200000000001,11.68
2018-09-24,4.799980000000001,58887.53,2919.37,1204.4,72.08,0.8511299999999999,12.2
2018-09-25,4.5,59106.29,2915.56,1205.1,72.28,0.8499200000000001,12.42
2018-09-26,4.53001,59450.56,2905.97,1199.1,71.57,0.8516,12.89
2018-09-27,4.4801400000000005,59616.27,2914.0,1187.4,72.12,0.8591799999999999,12.41
2018-09-28,4.179930000000001,58974.76,2913.98,1196.2,73.25,0.86126,12.12
2018-10-01,4.160080000000001,58957.02,2924.59,1191.7,75.3,0.8639399999999999,12.0
2018-10-02,4.160080000000001,58824.14,2923.43,1207.0,75.23,0.86603,12.05
2018-10-03,4.18997,59192.45,2925.51,1202.9,76.41,0.87097,11.61
2018-10-04,4.13007,58736.08,2901.61,1201.6,74.33,0.86844,14.22
2018-10-05,4.120019999999999,58415.84,2885.57,1205.6,74.34,0.8677600000000001,14.82
2018-10-08,4.26003,57515.36,2884.43,1188.6,74.29,0.87019,15.69
2018-10-09,4.64,57899.81,2880.34,1191.5,74.96,0.87011,15.95
2018-10-10,4.799980000000001,56830.18,2785.68,1193.4,73.17,0.8675200000000001,22.959999
2018-10-11,4.60999,55941.06,2728.37,1227.6,70.97,0.86267,24.98
2018-10-12,4.700019999999999,56516.02,2767.13,1222.0,71.34,0.8652299999999999,21.309998999999998
2018-10-15,4.76004,56227.33,2750.79,1230.3,71.78,0.86339,21.299999
2018-10-16,4.90005,57156.19,2809.92,1231.0,71.92,0.8641200000000001,17.620001000000002
2018-10-17,4.98004,56879.27,2809.21,1227.4,69.75,0.86956,17.4
2018-10-18,5.00001,56560.93,2768.78,1230.1,68.65,0.87292,20.059998999999998
2018-10-19,4.99008,56642.84,2767.78,1228.7,69.12,0.86885,19.889999
2018-10-22,4.87004,56516.23,2755.88,1224.6,69.36,0.87221,19.639999
2018-10-23,4.8099099999999995,55490.46,2740.69,1236.8,66.43,0.8716700000000001,20.709999
2018-10-24,4.799980000000001,55379.91,2656.1,1231.1,66.82,0.8774,25.23
2018-10-25,4.799980000000001,55271.63,2705.57,1232.4,67.33,0.8792399999999999,24.219998999999998
2018-10-26,4.799980000000001,54027.32,2658.69,1235.8,67.59,0.87655,24.16
2018-10-29,5.00001,54286.29,2641.25,1227.6,67.04,0.87925,24.700001
2018-10-30,4.90005,54608.78,2682.63,1225.3,66.18,0.8816,23.35
2018-10-31,4.64993,55312.71,2711.74,1215.0,65.31,0.8836200000000001,21.23
2018-11-02,4.75,56321.58,2723.06,1233.3,63.14,0.8779899999999999,19.51
2018-11-05,4.79005,57000.37,2738.31,1232.3,63.1,0.8765299999999999,19.959999
2018-11-06,4.700019999999999,56926.12,2755.45,1226.3,62.21,0.8756799999999999,19.91
2018-11-07,4.55009,57818.43,2813.89,1228.7,61.67,0.87485,16.360001
2018-11-08,4.39,57655.73,2806.83,1225.1,60.67,0.87995,16.719998999999998
2018-11-09,4.57998,56924.39,2781.01,1208.6,60.19,0.8821200000000001,17.360001
2018-11-13,4.700019999999999,56652.31,2722.18,1201.4,55.69,0.88507,20.02
2018-11-14,4.90005,56865.17,2701.58,1210.1,56.25,0.88385,21.25
2018-11-15,4.88989,56329.01,2730.2,1215.0,56.46,0.8831200000000001,19.98
2018-11-16,4.87997,55442.1,2736.27,1223.0,56.46,0.87603,18.139999
2018-11-19,4.87997,55911.21,2690.73,1225.3,57.2,0.87313,20.1
2018-11-20,4.87997,55205.54,2641.89,1221.2,53.43,0.87976,22.48
2018-11-21,4.86,56451.9,2649.93,1228.0,54.63,0.87835,20.799999
2018-11-23,4.87997,56788.04,2632.56,1223.2,50.42,0.8825700000000001,21.52
2018-11-26,4.85007,56472.16,2673.45,1228.7,51.63,0.88256,18.9
2018-11-27,4.8301099999999995,56763.67,2682.17,1219.9,51.56,0.8854299999999999,19.02
2018-11-28,4.8400300000000005,57633.26,2743.79,1229.8,50.29,0.8796299999999999,18.49
2018-11-29,4.90005,58412.94,2737.76,1230.4,51.45,0.8780899999999999,18.790001
2018-11-30,4.700019999999999,58203.39,2760.17,1226.0,50.93,0.88326,18.07
2018-12-03,4.85007,59176.6,2790.37,1239.6,52.95,0.88076,16.440001000000002
2018-12-04,4.8301099999999995,59558.44,2700.06,1246.6,53.25,0.88169,20.74
2018-12-06,4.96988,58409.09,2695.95,1243.6,51.49,0.8789299999999999,21.190001000000002
2018-12-07,4.91009,58180.45,2633.08,1252.6,52.61,0.87645,23.23
2018-12-10,4.5000599999999995,57385.01,2637.72,1249.4,51.0,0.8809899999999999,22.639999
2018-12-11,4.5000599999999995,56961.82,2636.78,1247.2,51.65,0.88341,21.76
2018-12-12,4.59996,58036.04,2651.07,1250.0,51.15,0.87935,21.459999
2018-12-13,4.72002,58952.55,2650.54,1247.4,52.58,0.88045,20.65
2018-12-14,4.72002,58780.55,2599.95,1241.4,51.2,0.88471,21.629998999999998
2018-12-17,4.68004,58186.34,2545.94,1251.8,50.2,0.88126,24.52
2018-12-18,4.59996,58719.27,2546.16,1253.6,46.6,0.87951,25.58
2018-12-19,4.550009999999999,59223.65,2506.96,1256.4,48.17,0.8787,25.58
2018-12-20,4.45,58349.03,2467.42,1267.9,45.88,0.8734200000000001,28.379998999999998
2018-12-21,4.39994,57331.35,2416.62,1258.1,45.59,0.88036,30.110001
2018-12-27,4.34998,57183.28,2488.83,1281.1,44.61,0.87495,29.959999
2018-12-28,4.39994,57690.5,2485.74,1283.0,45.33,0.87379,28.34
2019-01-02,4.45,58290.21,2510.03,1284.1,46.54,0.8816299999999999,23.219998999999998
2019-01-03,4.5000599999999995,57192.42,2447.89,1294.8,47.09,0.87765,25.450001
2019-01-04,4.41001,57947.51,2531.94,1285.8,47.96,0.87697,21.379998999999998
2019-01-07,4.47004,58971.42,2549.69,1289.9,48.52,0.8714,21.4
2019-01-08,4.58999,58906.77,2574.41,1285.9,49.78,0.8740399999999999,20.469998999999998
2019-01-09,4.59996,59336.58,2584.96,1292.0,52.36,0.8658399999999999,19.98
2019-01-10,4.59996,59219.23,2596.64,1287.4,52.59,0.8696799999999999,19.5
2019-01-11,4.59996,59322.53,2596.26,1289.5,51.59,0.8723299999999999,18.190001000000002
2019-01-14,4.56995,59112.53,2582.61,1291.3,50.51,0.8720399999999999,19.07
2019-01-15,4.48001,59439.56,2610.3,1288.4,52.11,0.87672,18.6
2019-01-16,4.48001,59983.42,2616.1,1293.8,52.31,0.8775700000000001,19.040001
2019-01-17,4.68004,59894.9,2635.96,1292.3,52.07,0.87805,18.059998999999998
2019-01-18,4.5799199999999995,60289.51,2670.71,1282.6,53.8,0.8799299999999999,17.799999
2019-01-22,4.54004,59734.92,2632.9,1283.4,53.01,0.88003,20.799999
2019-01-23,4.52997,60788.89,2638.7,1284.0,52.62,0.8786700000000001,19.52
2019-01-24,4.54004,60791.02,2642.33,1279.8,53.13,0.8847799999999999,18.889999
2019-01-25,4.5000599999999995,60661.36,2664.76,1298.1,53.69,0.8759399999999999,17.42
2019-01-28,4.47004,60165.13,2643.85,1303.1,51.99,0.8750399999999999,18.870001000000002
2019-01-29,4.48001,60228.41,2640.0,1308.9,53.31,0.8745,19.129998999999998
2019-01-30,4.24,59849.24,2681.05,1309.9,54.23,0.8709899999999999,17.66
2019-01-31,4.38997,60367.42,2704.1,1325.2,53.79,0.87364,16.57
2019-02-01,4.419980000000001,60660.31,2706.53,1322.1,55.26,0.8726299999999999,16.139999
2019-02-04,4.550009999999999,60658.28,2724.87,1319.3,54.56,0.87445,15.73
2019-02-05,4.36006,61147.18,2737.7,1319.2,53.66,0.87674,15.57
2019-02-06,4.45,61319.01,2731.61,1314.4,54.01,0.87971,15.38
2019-02-07,4.43006,60422.38,2706.05,1314.2,52.64,0.88164,16.370001000000002
2019-02-08,4.47004,60280.51,2707.88,1318.5,52.72,0.88315,15.72
2019-02-11,4.34998,60221.65,2709.8,1311.9,52.41,0.8867299999999999,15.97
2019-02-12,4.31997,60534.92,2744.73,1314.0,53.1,0.88264,15.43
2019-02-13,4.38997,59957.09,2753.03,1315.1,53.9,0.88836,15.65
2019-02-14,4.38997,59348.4,2745.73,1313.9,54.41,0.88535,16.219998999999998
2019-02-15,4.38997,59814.26,2775.6,1322.1,55.59,0.8849799999999999,14.91
2019-02-19,4.39994,59477.32,2779.76,1344.8,56.45,0.88189,14.88
2019-02-20,4.36006,60409.3,2784.7,1347.9,57.16,0.88139,14.02
2019-02-21,4.3000300000000005,59938.07,2774.88,1327.8,56.96,0.8820399999999999,14.46
2019-02-22,4.39994,60274.56,2792.67,1332.8,57.26,0.88246,13.51
2019-02-25,4.2900599999999995,60721.87,2796.11,1329.5,55.48,0.8803,14.85
2019-02-26,4.23003,60564.73,2793.9,1328.5,55.5,0.87771,15.17
2019-02-27,4.34998,59969.56,2792.38,1321.2,56.94,0.87931,14.7
2019-02-28,4.3000300000000005,59903.7,2784.49,1316.1,57.22,0.87946,14.78
2019-03-01,4.27999,60076.61,2803.69,1299.2,55.8,0.87969,13.57
2019-03-04,4.34002,59888.03,2792.81,1287.5,56.59,0.882,14.63
2019-03-05,4.3000300000000005,59743.42,2789.65,1284.7,56.56,0.8849100000000001,14.74
2019-03-06,4.2900599999999995,59978.8,2771.45,1287.6,56.22,0.8843,15.74
2019-03-07,4.24,59638.3,2748.93,1286.1,56.66,0.89351,16.59
2019-03-08,4.200019999999999,59436.39,2743.07,1299.3,56.07,0.8902399999999999,16.049999
2019-03-11,4.23003,59469.72,2783.3,1291.1,56.79,0.8878299999999999,14.33
2019-03-12,4.23003,59669.47,2791.52,1298.1,56.87,0.88576,13.77
2019-03-13,4.23003,59895.92,2810.92,1309.3,58.26,0.8820399999999999,13.41
2019-03-14,4.249969999999999,60002.72,2808.48,1295.1,58.61,0.88449,13.5
2019-03-15,4.34998,60706.57,2822.48,1302.9,58.52,0.88294,12.88
2019-03-18,4.05005,60683.38,2832.94,1301.5,59.38,0.8822200000000001,13.1
2019-03-19,4.1,60788.46,2832.57,1306.5,59.29,0.8807799999999999,13.56
2019-03-20,4.03998,60788.38,2824.23,1301.7,60.23,0.87556,13.91
2019-03-21,4.1,60976.51,2854.88,1307.3,59.98,0.8790100000000001,13.63
2019-03-22,3.99999,60097.1,2800.71,1312.3,59.04,0.88492,16.48
2019-03-25,4.1,59759.16,2798.36,1329.0,58.82,0.88379,16.33
2019-03-26,4.1,60026.06,2818.46,1321.4,59.94,0.88687,14.68
2019-03-27,4.02004,59848.76,2805.37,1316.9,59.41,0.88894,15.15
2019-03-28,3.99999,59752.66,2815.44,1295.3,59.3,0.8906,14.43
2019-03-29,4.03998,59668.03,2834.4,1298.5,60.14,0.89145,13.71
2019-04-01,3.94993,60342.05,2867.19,1294.2,61.59,0.89265,13.4
2019-04-02,3.98005,61071.19,2867.24,1295.4,62.58,0.89261,13.36
2019-04-03,4.03998,61924.86,2873.4,1295.3,62.46,0.88989,13.74
2019-04-04,4.03001,61533.27,2879.39,1294.3,62.1,0.89118,13.58
2019-04-05,4.03001,60755.88,2892.74,1295.6,63.08,0.8914200000000001,12.82
2019-04-08,3.99999,60922.1,2895.77,1301.9,64.4,0.8880299999999999,13.18
2019-04-09,3.8999800000000002,61097.07,2878.2,1308.3,63.98,0.88774,14.28
2019-04-10,3.8799300000000003,61556.46,2888.21,1313.9,64.61,0.88689,13.3
2019-04-11,3.8500300000000003,61168.92,2888.32,1293.3,63.58,0.88831,13.02
2019-04-12,3.8799300000000003,60969.26,2907.41,1295.2,63.89,0.8851899999999999,12.01
2019-04-15,3.99002,60812.06,2905.58,1291.3,63.4,0.8848600000000001,12.32
2019-04-16,3.99999,61067.07,2907.06,1277.2,64.05,0.88605,12.18
2019-04-17,4.03001,61166.0,2900.45,1276.8,63.76,0.8851,12.6
2019-04-18,4.03001,60910.11,2905.03,1276.0,64.0,0.89031,12.09
2019-04-23,4.09004,60938.98,2933.68,1273.2,66.3,0.8910100000000001,12.28
2019-04-24,3.99,60959.72,2927.25,1279.4,65.89,0.8964200000000001,13.14
2019-04-25,3.99,60680.62,2926.17,1279.7,65.21,0.8981,13.25
2019-04-26,3.84997,60990.17,2939.88,1288.8,63.3,0.89704,12.73
2019-04-29,3.84997,60865.49,2943.03,1281.5,63.5,0.89418,13.11
2019-04-30,3.84997,60145.5,2945.83,1285.7,63.91,0.8917,13.12
2019-05-06,3.9,59087.98,2932.47,1283.8,62.25,0.8932399999999999,15.44
2019-05-07,3.77003,57845.47,2884.05,1285.6,61.4,0.8933200000000001,19.32
2019-05-08,3.78,57522.36,2879.42,1281.4,62.12,0.89328,19.4
2019-05-09,3.8000300000000005,56637.25,2870.72,1285.2,61.7,0.8913700000000001,19.1
2019-05-10,3.81,56913.26,2881.4,1287.4,61.66,0.89038,16.040001
2019-05-13,3.8000300000000005,56389.14,2811.87,1301.8,61.04,0.8907299999999999,20.549999
2019-05-15,3.8000300000000005,56373.36,2850.96,1297.8,62.02,0.8924799999999999,16.440001000000002
2019-05-16,3.8000300000000005,56664.5,2876.32,1286.2,62.87,0.89497,15.29
2019-05-17,3.87,56561.79,2859.53,1275.7,62.76,0.89599,15.96
2019-05-20,3.8000300000000005,56317.39,2840.23,1277.3,63.21,0.89545,16.309998999999998
2019-05-21,3.8000300000000005,56772.23,2864.36,1273.2,63.13,0.89586,14.95
2019-05-22,3.69,57264.89,2856.27,1274.2,61.42,0.89665,14.75
2019-05-23,3.6999699999999995,56351.13,2822.24,1285.4,57.91,0.89418,16.92
2019-05-24,3.6999699999999995,56753.79,2826.06,1283.6,58.63,0.8922100000000001,15.85
2019-05-28,3.78997,56920.14,2802.39,1277.1,59.14,0.8956,17.5
2019-05-29,3.6999699999999995,56870.63,2783.02,1281.0,58.81,0.89802,17.9
2019-05-30,3.84997,57566.83,2788.86,1287.1,56.59,0.89849,17.299999
2019-05-31,3.99997,57909.95,2752.06,1305.8,53.5,0.8951600000000001,18.709999
2019-06-03,3.9500300000000004,57857.73,2744.45,1327.9,53.25,0.88933,18.860001
2019-06-04,3.98003,57781.8,2803.27,1328.7,53.48,0.8886,16.969998999999998
2019-06-06,3.8300300000000003,58360.5,2843.49,1342.7,52.59,0.88674,15.93
2019-06-07,3.84997,58852.53,2873.34,1346.1,53.99,0.8823200000000001,16.299999
2019-06-10,3.92003,58895.99,2886.73,1329.3,53.26,0.8839100000000001,15.94
2019-06-11,3.93,59200.36,2885.72,1331.2,53.27,0.88282,15.99
2019-06-13,3.9,59374.38,2891.64,1343.7,52.28,0.8867200000000001,15.82
2019-06-14,3.8199699999999996,59092.01,2886.98,1344.5,52.51,0.89231,15.28
2019-06-17,3.77003,58857.01,2889.67,1342.9,51.93,0.89118,15.35
2019-06-18,3.4299699999999995,59936.46,2917.75,1350.7,54.11,0.8932700000000001,15.15
2019-06-19,3.63,59738.56,2926.46,1348.8,53.97,0.89051,14.33
2019-06-21,3.6699699999999997,59433.13,2950.46,1400.1,57.43,0.87933,15.4
2019-06-24,3.6,60003.9,2945.35,1418.2,57.9,0.87745,15.26
2019-06-25,3.6099699999999997,59480.64,2917.38,1418.7,57.83,0.8796,16.280001000000002
2019-06-26,3.4899699999999996,59852.7,2913.78,1415.4,59.38,0.87913,16.209999
2019-06-27,3.6,60293.37,2924.92,1412.0,59.43,0.8796299999999999,15.82
2019-06-28,3.72,60187.43,2941.76,1413.7,58.47,0.8794299999999999,15.08
2019-07-01,3.8000300000000005,60323.79,2964.33,1389.3,59.09,0.8858799999999999,14.06
2019-07-02,3.8000300000000005,60538.16,2973.01,1408.0,56.25,0.8857700000000001,12.93
2019-07-03,3.6999699999999995,60671.76,2995.82,1420.9,57.34,0.8865299999999999,12.57
2019-07-05,3.57,60628.11,2990.41,1400.1,57.51,0.8907799999999999,13.28
2019-07-08,3.6,60582.98,2975.95,1400.0,57.66,0.89159,13.96
2019-07-09,3.6,60199.83,2979.63,1400.5,57.83,0.8922,14.09
2019-07-10,3.72,60242.61,2993.07,1412.5,60.43,0.8885799999999999,13.03
2019-07-11,3.5600300000000002,60362.11,2999.91,1406.7,60.2,0.8886200000000001,12.93
2019-07-12,3.75,60378.0,3013.77,1412.2,60.21,0.88721,12.39
2019-07-15,3.75,60527.98,3014.3,1413.5,59.58,0.888,12.68
2019-07-16,3.7400300000000004,60372.23,3004.04,1411.2,57.62,0.8920100000000001,12.86
2019-07-18,3.6999699999999995,60192.6,2995.11,1428.1,55.3,0.88671,13.53
2019-07-19,3.65003,60902.04,2976.61,1426.7,55.63,0.8913200000000001,14.45
2019-07-22,3.57,60929.94,2985.03,1426.9,56.22,0.89212,13.53
2019-07-23,3.57,60750.64,3005.47,1421.7,56.77,0.89669,12.61
2019-07-24,3.44003,60776.71,3019.56,1423.6,55.88,0.89743,12.07
2019-07-25,3.63997,60249.72,3003.67,1414.7,56.02,0.8970299999999999,12.74
2019-07-26,3.51997,60146.67,3025.86,1419.3,56.2,0.8989,12.16
2019-07-29,3.45,59678.7,3020.97,1420.4,56.87,0.89725,12.83
2019-07-30,3.6200300000000003,59430.05,3013.18,1429.7,58.05,0.89643,13.94
2019-07-31,3.6800300000000004,59670.6,2980.38,1426.1,58.58,0.9032600000000001,16.120001000000002
2019-08-01,3.6,58863.73,2953.56,1432.4,53.95,0.90225,17.870001000000002
2019-08-02,3.72,58360.55,2932.05,1457.5,55.66,0.90044,17.610001
2019-08-05,3.6099699999999997,57157.8,2844.74,1476.5,54.69,0.89175,24.59
2019-08-06,3.6200300000000003,57082.76,2881.77,1484.2,53.63,0.8926799999999999,20.17
2019-08-07,3.6,56625.18,2883.98,1519.6,51.09,0.89269,19.49
2019-08-08,3.5499699999999996,57102.69,2938.09,1509.5,52.54,0.8933700000000001,16.91
2019-08-09,3.5499699999999996,56316.19,2918.65,1508.5,54.5,0.89264,17.969998999999998
2019-08-12,3.66,55915.51,2883.75,1517.2,54.93,0.89155,21.09
2019-08-13,3.5900300000000005,57024.9,2926.32,1514.1,57.1,0.89505,17.52
2019-08-16,3.63997,55227.6,2888.68,1523.6,54.87,0.90149,18.469998999999998
2019-08-20,3.69,56204.55,2900.51,1515.7,56.13,0.9010299999999999,17.5
2019-08-21,3.6800300000000004,56121.78,2924.43,1515.7,55.68,0.90186,15.8
2019-08-22,3.66,56118.92,2922.95,1508.5,55.35,0.9024399999999999,16.68
2019-08-23,3.4899699999999996,56047.39,2847.11,1537.6,54.17,0.8976700000000001,19.870001000000002
2019-08-26,3.3999699999999997,55909.06,2878.38,1537.2,53.64,0.90089,19.32
2019-08-27,3.4599699999999998,55881.98,2869.16,1551.8,54.93,0.90166,20.309998999999998
2019-08-28,3.3999699999999997,54846.48,2887.94,1549.1,55.78,0.9024,19.35
2019-08-29,3.4599699999999998,55273.05,2924.58,1536.9,56.71,0.90428,17.879998999999998
2019-08-30,3.44003,56739.53,2926.46,1529.4,55.1,0.90991,18.98
2019-09-03,3.3,56237.4,2906.27,1555.9,53.94,0.91143,19.66
2019-09-04,3.39,56176.46,2937.78,1560.4,56.26,0.90622,17.33
2019-09-05,3.36997,56358.3,2976.0,1525.5,56.3,0.90622,16.27
2019-09-06,3.36997,56593.23,2978.71,1515.5,56.52,0.90697,15.0
2019-09-09,3.3999699999999997,57682.47,2978.43,1511.1,57.85,0.9050299999999999,15.27
2019-09-10,3.18997,57893.23,2979.39,1499.2,57.4,0.9050600000000001,15.2
2019-09-11,3.20003,57949.46,3000.93,1503.2,55.75,0.9083399999999999,14.61
2019-09-12,3.20003,57886.6,3009.57,1507.4,55.09,0.90385,14.22
2019-09-13,3.15997,58144.64,3007.39,1499.5,54.85,0.9028299999999999,13.74
2019-09-16,3.18,58525.39,2997.96,1511.5,62.67,0.90904,14.67
2019-09-17,3.18997,57980.44,3005.7,1513.4,59.1,0.9032,14.44
2019-09-18,3.0,58297.28,3006.73,1515.8,58.04,0.9063700000000001,13.95
2019-09-19,3.14003,58053.03,3006.79,1506.2,58.19,0.9056299999999999,14.05
2019-09-20,3.18,57485.19,2992.07,1515.1,58.09,0.9076,15.32
2019-09-23,3.17003,56874.12,2991.78,1531.5,58.64,0.9095,14.91
2019-09-24,3.15997,57462.78,2966.6,1540.2,57.29,0.9074700000000001,17.049999
2019-09-25,3.14003,57085.05,2984.87,1512.3,56.49,0.9137299999999999,15.96
2019-09-27,3.12,57666.04,2961.79,1506.4,55.91,0.91394,17.219998999999998
2019-09-30,3.14003,57320.3,2976.74,1472.9,54.07,0.91755,16.24
2019-10-01,3.09,56847.98,2940.25,1489.0,53.62,0.91476,18.559998999999998
2019-10-02,3.17003,55598.64,2887.61,1507.9,52.64,0.9123399999999999,20.559998999999998
2019-10-03,3.14003,55523.06,2910.63,1513.8,52.45,0.91145,19.120001000000002
2019-10-04,3.11003,55980.47,2952.01,1512.9,52.81,0.9106299999999999,17.040001
2019-10-07,3.15,55987.34,2938.79,1504.4,52.75,0.91148,17.860001
2019-10-08,3.08003,56247.95,2893.06,1503.9,52.63,0.91274,20.280001000000002
2019-10-09,3.20003,56260.83,2919.4,1512.8,52.59,0.9112899999999999,18.639999
2019-10-10,3.09997,56034.97,2938.13,1500.9,53.55,0.9083600000000001,17.57
2019-10-11,3.18997,56895.37,2970.27,1488.7,54.7,0.90609,15.58
2019-10-14,3.08003,56647.08,2966.15,1497.6,53.59,0.9070299999999999,14.57
2019-10-15,3.09997,56781.82,2995.68,1483.5,52.81,0.90651,13.54
2019-10-16,3.15,56898.36,2989.69,1494.0,53.36,0.9030799999999999,13.68
2019-10-17,3.15,57297.12,2997.95,1498.3,53.93,0.89869,13.79
2019-10-18,3.15,57024.61,2986.2,1494.1,53.78,0.89594,14.25
2019-10-21,3.20003,57418.58,3006.72,1488.1,53.51,0.89699,14.0
2019-10-22,3.2300299999999997,57986.45,2995.99,1487.5,54.48,0.89886,14.46
2019-10-23,3.21,57950.18,3004.52,1495.7,55.97,0.8983,14.01
2019-10-24,3.18,58012.97,3010.29,1504.7,56.23,0.9004700000000001,13.71
2019-10-25,3.24,57329.09,3022.55,1505.3,56.66,0.90245,12.65
2019-10-28,3.4700300000000004,58101.72,3039.42,1495.8,55.81,0.90105,13.11
2019-10-29,3.50003,58392.58,3036.89,1490.7,55.54,0.89992,13.2
2019-10-30,3.4599699999999998,58430.48,3046.77,1496.7,55.06,0.89661,12.33
2019-10-31,3.50003,57783.02,3037.56,1514.8,54.18,0.8967200000000001,13.22
2019-11-04,3.4899699999999996,59326.13,3078.27,1511.1,56.54,0.8991,12.83
2019-11-05,3.48,59517.7,3074.62,1483.7,57.23,0.90294,13.1
2019-11-06,3.5300300000000004,59174.29,3076.78,1493.1,56.35,0.90346,12.62
2019-11-07,3.50003,59492.22,3085.18,1466.4,57.15,0.9050299999999999,12.73
2019-11-08,3.50003,59191.71,3093.08,1462.9,57.24,0.9072899999999999,12.07
2019-11-12,3.50003,59141.35,3091.84,1453.7,56.8,0.90814,12.68
2019-11-13,3.50003,58816.98,3094.04,1463.3,57.12,0.9084200000000001,13.0
2019-11-14,3.50003,58622.1,3096.63,1473.4,56.77,0.90727,13.05
2019-11-15,3.50003,58751.67,3120.46,1468.5,57.72,0.9046299999999999,12.05
2019-11-18,3.50003,58851.05,3122.03,1471.9,57.14,0.9031600000000001,12.46
2019-11-19,3.4899699999999996,58447.3,3120.18,1474.3,55.35,0.90269,12.86
2019-11-20,3.50003,58026.68,3108.46,1474.2,57.01,0.90285,12.78
2019-11-21,3.4899699999999996,57618.54,3103.54,1463.6,58.58,0.90397,13.13
2019-11-22,3.44003,57863.03,3110.29,1463.6,57.77,0.9072,12.34
2019-11-25,3.45,58151.15,3133.64,1463.8,58.01,0.90794,11.87
2019-11-26,3.3999699999999997,58051.64,3140.52,1467.4,58.41,0.90714,11.54
2019-11-27,3.48,57867.89,3153.63,1460.8,58.11,0.9086,11.75
2019-11-29,3.5499699999999996,57502.14,3140.98,1472.7,55.17,0.90765,12.62
2019-12-02,3.6200300000000003,56868.74,3113.87,1469.2,55.96,0.9028,14.91
2019-12-03,3.7599699999999996,56191.17,3093.2,1484.4,56.1,0.90236,15.96
2019-12-04,3.5900300000000005,56123.68,3112.76,1480.2,58.43,0.9026700000000001,14.8
2019-12-05,3.5900300000000005,56338.75,3117.43,1483.1,58.43,0.90054,14.52
2019-12-06,3.51,55994.68,3145.91,1465.1,59.2,0.9041600000000001,13.62
2019-12-09,3.84,55867.95,3135.96,1464.9,59.02,0.9037200000000001,15.86
2019-12-10,3.63,55609.32,3132.52,1468.1,59.24,0.90144,15.68
2019-12-11,3.65003,55531.27,3141.63,1475.0,58.76,0.8982100000000001,14.99
2019-12-12,3.69,56621.06,3168.57,1472.3,59.18,0.89415,13.94
2019-12-13,3.75,56729.11,3168.8,1481.2,60.07,0.89954,12.63
2019-12-16,3.78997,56832.07,3191.45,1480.5,60.14,0.8977299999999999,12.14
2019-12-17,3.78997,57225.67,3192.52,1480.6,60.87,0.89664,12.29
2019-12-18,3.78997,57169.88,3191.14,1478.7,60.85,0.8995799999999999,12.58
2019-12-19,3.7599699999999996,57346.95,3205.37,1484.4,61.18,0.89897,12.5
2019-12-20,3.69,57202.89,3221.22,1480.9,60.44,0.9028799999999999,12.51
2019-12-23,3.6800300000000004,57569.71,3224.01,1488.7,60.52,0.9016799999999999,12.61
2019-12-27,3.86003,57877.81,3240.02,1518.1,61.72,0.89479,13.43
2019-12-30,3.9500300000000004,57832.88,3221.29,1518.6,61.68,0.8928299999999999,14.82
2020-01-02,3.9500300000000004,59048.28,3257.85,1528.1,61.18,0.8951100000000001,12.47
2020-01-03,3.8199699999999996,58603.27,3234.85,1552.4,63.05,0.89592,14.02
2020-01-07,4.05,58283.26,3237.18,1574.3,62.7,0.897,13.79
2020-01-08,3.8300300000000003,57596.09,3253.05,1560.2,59.61,0.90007,13.45
2020-01-09,3.9500300000000004,58397.17,3274.7,1554.3,59.56,0.9003700000000001,12.54
2020-01-10,3.81,58732.09,3265.35,1560.1,59.04,0.8991399999999999,12.56
2020-01-13,3.8000300000000005,59275.02,3288.13,1550.6,58.08,0.8980299999999999,12.32
2020-01-14,3.8000300000000005,59118.97,3283.15,1544.6,58.23,0.89876,12.39
2020-01-15,3.77003,58671.25,3289.29,1554.0,57.81,0.8967200000000001,12.42
2020-01-16,3.72,58962.37,3316.81,1550.5,58.52,0.8978700000000001,12.32
2020-01-17,3.6999699999999995,59039.84,3329.62,1560.3,58.54,0.90149,12.1
2020-01-21,3.63997,58616.01,3320.79,1557.9,58.38,0.90228,12.85
2020-01-22,3.6999699999999995,58401.69,3321.75,1556.7,56.74,0.90143,12.91
2020-01-23,3.8000300000000005,58401.85,3325.54,1565.4,55.59,0.9045,12.98
2020-01-24,3.8900300000000003,58607.31,3295.47,1571.9,54.19,0.90679,14.56
2020-01-27,3.8900300000000003,57063.12,3243.63,1577.4,53.14,0.9075700000000001,18.23
2020-01-28,3.8900300000000003,57336.45,3276.24,1569.8,53.48,0.90728,16.280001000000002
2020-01-29,3.8199699999999996,57351.22,3273.4,1570.4,53.33,0.90822,16.389999
2020-01-30,3.69,56923.36,3283.66,1583.5,52.14,0.9063100000000001,15.49
2020-01-31,3.66,56681.27,3225.52,1582.9,51.56,0.90169,18.84
2020-02-03,3.72,56795.27,3248.92,1582.4,50.11,0.9042100000000001,17.969998999999998
2020-02-04,4.23997,57607.63,3297.59,1555.5,49.61,0.9053700000000001,16.049999
2020-02-05,4.2,58121.81,3334.69,1562.8,50.75,0.9091,15.15
2020-02-06,4.2,57900.04,3345.78,1570.0,50.95,0.91066,14.96
2020-02-07,4.05,57816.25,3327.71,1573.4,50.32,0.91345,15.47
2020-02-10,4.05997,57474.88,3352.09,1579.5,49.57,0.91648,15.04
2020-02-11,4.05,57816.86,3357.75,1570.1,49.94,0.9158200000000001,15.18
2020-02-12,3.96,58156.08,3379.45,1571.6,51.17,0.91981,13.74
2020-02-13,3.9699699999999996,57960.23,3373.94,1578.8,51.42,0.9224600000000001,14.15
2020-02-14,3.9,57895.19,3380.16,1586.4,52.05,0.9227799999999999,13.68
2020-02-18,3.92003,57894.45,3370.29,1603.6,52.29,0.92638,14.83
2020-02-19,3.8799699999999997,57957.76,3386.15,1611.8,53.49,0.92519,14.38
2020-02-20,4.08997,57693.12,3373.23,1620.5,53.88,0.927,15.56
2020-02-21,4.10003,57424.47,3337.75,1648.8,53.38,0.92174,17.08
2020-02-24,3.99997,55088.26,3225.89,1676.6,51.43,0.9215,25.030001000000002
2020-02-25,3.9099699999999995,53781.02,3128.21,1650.0,49.9,0.9190299999999999,27.85
2020-02-26,4.08,53451.01,3116.39,1643.1,48.73,0.9189,27.559998999999998
2020-02-27,3.99997,51318.69,2978.76,1642.5,47.09,0.90885,39.16
2020-02-28,4.05,49276.54,2954.22,1566.7,44.76,0.90581,40.110001000000004
2020-03-02,4.14997,50150.48,3090.23,1594.8,46.75,0.89771,33.419998
2020-03-03,4.05997,52231.14,3003.37,1644.4,47.18,0.8952100000000001,36.82
2020-03-04,3.99,51585.66,3130.12,1643.0,46.78,0.89823,31.99
2020-03-05,4.02997,50753.91,3023.94,1668.0,45.9,0.89044,39.619999
2020-03-06,4.01003,49326.23,2972.37,1672.4,41.28,0.8843799999999999,41.939999
2020-03-09,3.84997,45625.56,2746.56,1675.7,31.13,0.87421,54.459998999999996
2020-03-10,3.8799699999999997,45043.23,2882.23,1660.3,34.36,0.8842700000000001,47.299999
2020-03-11,3.78997,42546.88,2741.38,1642.3,32.98,0.8881899999999999,53.900002
2020-03-12,3.4700300000000004,37164.02,2480.64,1590.3,31.5,0.89471,75.470001
2020-03-13,3.6999699999999995,38629.63,2711.02,1516.7,31.73,0.9003,57.830002
2020-03-16,3.6999699999999995,37738.36,2386.13,1486.5,29.0,0.8954200000000001,82.690002
2020-03-17,3.63997,39925.44,2529.19,1525.8,27.33,0.9077700000000001,75.910004
2020-03-18,3.75,39313.78,2398.1,1477.9,20.83,0.91465,76.449997
2020-03-19,3.98003,41041.92,2409.39,1479.3,25.91,0.93766,72.0
2020-03-20,3.96,41153.2,2304.92,1484.6,22.63,0.93465,66.040001
2020-03-23,3.9399699999999998,39207.33,2237.4,1567.6,23.36,0.9305399999999999,61.59
2020-03-24,4.2,40275.9,2447.33,1660.8,24.01,0.9248799999999999,61.669998
2020-03-25,4.31003,40144.28,2475.56,1633.4,24.49,0.91899,63.950001
2020-03-26,4.790030000000001,41202.98,2630.07,1651.2,22.6,0.9060299999999999,61.0
2020-03-27,4.539969999999999,40886.9,2541.47,1625.0,21.51,0.89759,65.540001
2020-03-30,4.59997,40827.13,2626.65,1643.2,20.09,0.9051899999999999,57.080002
2020-03-31,4.59997,41624.62,2584.59,1596.6,20.48,0.90661,53.540001000000004
2020-04-01,4.59997,41028.82,2470.5,1591.4,20.31,0.91359,57.060001
2020-04-02,4.59,41219.51,2526.9,1637.7,25.32,0.9211799999999999,50.91
2020-04-03,4.59,41532.37,2488.65,1645.7,28.34,0.925,46.799999
2020-04-06,4.5500300000000005,43514.41,2663.68,1693.9,26.08,0.9264100000000001,45.240002000000004
2020-04-07,4.47997,44110.86,2659.41,1683.7,23.63,0.91819,46.700001
2020-04-08,4.4499699999999995,43573.02,2749.98,1684.3,25.09,0.92111,43.349998
2020-04-09,4.460030000000001,44499.23,2789.82,1752.8,22.76,0.91501,41.669998
2020-04-14,4.47,46092.44,2846.06,1768.9,20.11,0.91064,37.759997999999996
2020-04-15,5.000030000000001,44666.91,2783.36,1740.2,19.87,0.91669,40.84
2020-04-16,5.499969999999999,44645.12,2799.55,1731.7,19.87,0.92069,40.110001000000004
2020-04-17,5.64,45353.23,2874.56,1698.8,18.27,0.92012,38.150002
2020-04-20,6.02003,45617.35,2823.16,1711.2,20.43,0.92006,43.830002
2020-04-21,6.06,43959.51,2736.56,1687.8,11.57,0.92101,45.41
2020-04-22,6.26003,44777.61,2799.31,1738.3,13.78,0.92396,41.98
2020-04-23,6.3,45450.43,2797.8,1745.4,16.5,0.92769,41.380001
2020-04-24,6.26003,44884.25,2836.74,1735.6,16.94,0.92511,35.93
2020-04-27,8.49997,44704.71,2878.48,1723.8,12.78,0.92324,33.290001000000004
2020-04-28,9.0,44754.03,2863.39,1722.2,12.34,0.92404,33.57
2020-04-29,8.5,46114.95,2939.51,1713.4,15.06,0.91956,31.23
2020-04-30,7.7,46117.0,2912.43,1694.2,18.84,0.91312,34.150002
2020-05-04,8.4,45023.6,2842.74,1713.3,20.39,0.9172899999999999,35.970001
2020-05-05,7.48,45018.81,2868.44,1710.6,24.56,0.9223299999999999,33.610001000000004
2020-05-06,7.2,44312.99,2848.42,1688.5,23.99,0.92624,34.119999
2020-05-07,8.34,44769.05,2881.19,1725.8,23.55,0.92322,31.440001000000002
2020-05-08,8.7,45228.14,2929.8,1713.9,24.74,0.9228299999999999,27.98
2020-05-11,8.7,44840.24,2930.32,1698.0,24.14,0.9252600000000001,27.57
2020-05-12,9.1,45687.43,2870.12,1706.8,25.78,0.92191,33.040001000000004
2020-05-13,9.06,45431.66,2820.0,1716.4,25.29,0.92437,35.279999
2020-05-14,8.46,44450.71,2852.5,1740.9,27.56,0.92532,32.610001000000004
2020-05-15,8.56,44348.22,2863.7,1756.3,29.43,0.92442,31.889999
2020-05-18,9.06,45873.81,2953.91,1734.4,31.65,0.91614,29.299999
2020-05-19,8.9,45949.97,2922.94,1745.6,31.96,0.9156299999999999,30.530001000000002
2020-05-20,8.86,46295.02,2971.61,1752.1,33.49,0.91086,27.99
2020-05-21,8.76,46073.39,2948.51,1721.9,33.92,0.91343,29.530001000000002
2020-05-22,8.6,45915.72,2955.45,1735.5,33.25,0.9171600000000001,28.16
2020-05-26,8.66,47897.84,2991.77,1705.6,34.35,0.91099,28.01
2020-05-27,8.38,47889.07,3036.13,1710.7,32.81,0.90851,27.620001000000002
2020-05-28,8.2,48144.34,3029.73,1713.3,33.71,0.90261,28.59
2020-05-29,8.66,48127.64,3044.31,1736.9,35.49,0.90074,27.51
2020-06-01,10.35,48647.15,3055.73,1750.3,35.44,0.8983,28.23
2020-06-02,10.4,48879.21,3080.82,1734.0,36.81,0.89523,26.84
2020-06-03,10.55,49728.3,3122.87,1704.8,37.29,0.88999,25.66
2020-06-04,10.5,50202.54,3112.35,1727.4,37.41,0.8821200000000001,25.809998999999998
2020-06-05,11.0,51494.63,3193.93,1683.0,39.55,0.88575,24.52
2020-06-08,10.8,51451.61,3232.39,1705.1,38.19,0.88564,25.809998999999998
2020-06-09,11.05,51289.49,3207.18,1721.9,38.94,0.88197,27.57
2020-06-10,11.7,51486.94,3190.14,1720.7,39.6,0.87905,27.57
2020-06-12,12.1,50169.11,3041.31,1737.3,36.26,0.8884799999999999,36.09
2020-06-15,12.1,48991.89,3066.59,1727.2,37.12,0.8829600000000001,34.400002
2020-06-16,12.3,50385.49,3124.74,1736.5,38.38,0.8879299999999999,33.669998
2020-06-17,12.0,50312.8,3113.49,1735.6,37.96,0.8894200000000001,33.470001
2020-06-18,12.4,50445.13,3115.34,1731.1,38.84,0.8924700000000001,32.939999
2020-06-19,12.5,50670.08,3097.74,1753.0,39.75,0.8939299999999999,35.119999
2020-06-22,12.4,50606.02,3117.86,1766.4,40.73,0.88784,31.77
2020-06-23,12.8,51438.3,3131.29,1782.0,40.37,0.88426,31.370001000000002
2020-06-24,12.65,50479.64,3050.33,1775.1,38.01,0.88849,33.84
2020-06-25,12.6,50658.89,3083.76,1770.6,38.72,0.89156,32.220001
2020-06-26,12.65,49725.89,3009.05,1780.3,38.49,0.8906,34.73
2020-06-29,13.0,49972.05,3053.24,1781.2,39.7,0.8896,31.780001000000002
2020-06-30,13.1,49569.17,3100.29,1800.5,39.27,0.8902899999999999,30.43
2020-07-01,12.9,50104.2,3115.86,1779.9,39.82,0.88885,28.620001000000002
2020-07-02,12.9,50937.18,3130.01,1790.0,40.65,0.8897,27.68
2020-07-06,13.85,51480.18,3179.72,1793.5,40.63,0.8841200000000001,27.940001000000002
2020-07-07,14.45,50973.66,3145.32,1809.9,40.62,0.88699,29.43
2020-07-08,14.6,50726.22,3169.94,1820.6,40.9,0.88239,28.08
2020-07-09,14.6,50844.47,3152.05,1803.8,39.62,0.8861899999999999,29.26
2020-07-10,14.9,50933.53,3185.04,1801.9,40.55,0.88494,27.290001
2020-07-13,16.0,51168.14,3155.22,1814.1,40.1,0.88135,32.189999
2020-07-14,17.05,50443.27,3197.52,1813.4,40.29,0.8770100000000001,29.52
2020-07-15,16.5,51008.62,3226.56,1813.8,41.2,0.8762200000000001,27.76
2020-07-16,16.2,51121.23,3215.57,1800.3,40.75,0.8786700000000001,28.0
2020-07-17,17.85,51046.47,3224.73,1810.0,40.59,0.8743299999999999,25.68
2020-07-20,21.2,52170.68,3251.84,1817.4,40.92,0.8738299999999999,24.459999
2020-07-21,24.0,52537.11,3257.3,1843.9,41.92,0.8671,24.84
2020-07-22,26.5,52145.96,3276.02,1865.1,41.9,0.86411,24.32
2020-07-23,26.3,51890.42,3235.66,1890.0,41.07,0.8623799999999999,26.08
2020-07-24,25.5,51672.44,3215.63,1897.5,41.29,0.85895,25.84
2020-07-27,28.0,52215.51,3239.41,1931.0,41.6,0.85103,24.74
2020-07-28,28.4,52159.95,3218.44,1944.6,41.04,0.85316,25.440001000000002
2020-07-29,19.5,52045.58,3258.44,1953.4,41.27,0.84798,24.1
2020-07-30,16.4,50024.63,3246.22,1942.3,39.92,0.8444200000000001,24.76
2020-07-31,19.2,50468.16,3271.12,1962.8,40.27,0.8487299999999999,24.459999
2020-08-03,20.5,51534.26,3294.61,1974.7,41.01,0.8503,24.280001000000002
2020-08-04,19.45,51690.75,3306.51,2008.5,41.7,0.8476600000000001,23.76
2020-08-05,20.5,52289.67,3327.77,2037.1,42.19,0.8427399999999999,22.99
2020-08-06,19.0,51816.87,3349.16,2058.4,41.95,0.84198,22.65
2020-08-07,19.0,51732.44,3351.28,2018.0,41.22,0.84841,22.209999
2020-08-10,17.8,51934.45,3360.47,2030.3,41.94,0.85183,22.129998999999998
2020-08-11,17.15,52420.67,3333.69,1946.3,41.61,0.8516799999999999,24.030001000000002
2020-08-12,17.6,52487.84,3380.35,1949.0,42.67,0.84859,22.280001000000002
2020-08-13,18.3,52706.25,3373.43,1970.4,42.24,0.8464,22.129998999999998
2020-08-14,18.25,52631.64,3372.85,1949.8,42.01,0.8447899999999999,22.049999
2020-08-17,17.8,52889.0,3381.99,1998.7,42.89,0.84215,21.35
2020-08-18,17.9,52490.77,3389.78,2013.1,42.89,0.8380700000000001,21.51
2020-08-19,17.3,52262.21,3374.85,1970.3,43.11,0.8443799999999999,22.540001
2020-08-20,18.4,51842.65,3385.51,1946.5,42.82,0.84311,22.719998999999998
2020-08-21,18.15,51920.09,3397.16,1947.0,42.34,0.8478,22.540001
2020-08-24,17.8,52424.18,3431.28,1939.2,42.62,0.84814,22.370001000000002
2020-08-25,17.5,51963.74,3443.62,1923.1,43.35,0.84501,22.030001000000002
2020-08-26,17.6,52518.38,3478.73,1952.5,43.39,0.8452700000000001,23.27
2020-08-27,17.6,52528.67,3484.55,1932.6,43.04,0.84601,24.469998999999998
2020-08-28,17.85,52237.26,3508.01,1974.9,42.97,0.84044,22.959999
2020-08-31,17.4,51629.45,3500.31,1978.6,42.61,0.83757,26.41
2020-09-01,17.05,50937.27,3526.65,1978.9,42.76,0.8391700000000001,26.120001000000002
2020-09-02,17.65,51356.24,3580.84,1944.7,41.51,0.84351,26.57
2020-09-03,17.3,50915.67,3455.06,1937.8,41.37,0.8438100000000001,33.599998
2020-09-04,17.0,50522.18,3426.96,1934.3,39.77,0.8444299999999999,30.75
2020-09-08,16.45,49556.34,3331.84,1943.2,36.76,0.84934,31.459999
2020-09-09,16.8,50757.07,3398.96,1954.9,38.05,0.8472200000000001,28.809998999999998
2020-09-10,15.95,50561.3,3339.19,1964.3,37.3,0.8459200000000001,29.709999
2020-09-11,16.0,50737.57,3340.97,1947.9,37.33,0.84454,26.870001000000002
2020-09-14,16.05,50454.28,3383.54,1963.7,37.26,0.8427,25.85
2020-09-15,16.2,50037.97,3401.2,1966.2,38.28,0.84398,25.59
2020-09-16,16.3,49882.7,3385.49,1970.5,40.16,0.8463799999999999,26.040001
2020-09-17,16.1,50035.54,3357.01,1949.9,40.97,0.84426,26.459999
2020-09-18,17.5,49825.58,3319.47,1962.1,41.11,0.8439700000000001,25.83
2020-09-21,16.4,48447.72,3281.06,1910.6,39.54,0.84962,27.780001000000002
2020-09-22,16.7,48741.38,3315.57,1907.6,39.8,0.85419,26.860001
2020-09-23,16.25,48482.58,3236.92,1868.4,39.93,0.85754,28.58
2020-09-24,15.65,48009.43,3246.59,1876.9,40.31,0.8567600000000001,28.51
2020-09-25,15.0,48294.74,3298.46,1866.3,40.25,0.86013,26.379998999999998
2020-09-28,16.3,49841.68,3351.6,1882.3,40.6,0.85729,26.190001000000002
2020-09-29,15.4,49499.4,3335.47,1903.2,39.29,0.8517299999999999,26.27
2020-09-30,15.5,49411.53,3363.0,1895.5,40.22,0.85295,26.370001000000002
2020-10-01,15.4,49035.41,3380.8,1916.3,38.72,0.85134,26.700001
2020-10-02,15.25,49043.26,3348.44,1907.6,37.05,0.8538,27.629998999999998
2020-10-05,16.9,50014.64,3408.63,1920.1,39.22,0.8487600000000001,27.959999
2020-10-06,16.3,50113.97,3360.95,1908.8,40.67,0.85231,29.48
2020-10-07,16.0,50207.28,3419.45,1890.8,39.95,0.84993,28.059998999999998
2020-10-08,15.45,49727.34,3446.83,1895.1,41.19,0.8503799999999999,26.360001
2020-10-09,15.5,49191.09,3477.13,1926.2,40.6,0.8457600000000001,25.0
2020-10-12,15.3,48938.01,3534.22,1928.9,39.43,0.8464299999999999,25.07
2020-10-13,16.1,48464.15,3511.93,1894.6,40.2,0.8514200000000001,26.07
2020-10-14,16.3,48596.45,3488.67,1907.3,41.04,0.8511700000000001,26.4
2020-10-15,16.1,47482.0,3483.34,1908.9,40.96,0.8539399999999999,26.969998999999998
2020-10-16,17.8,48210.12,3483.81,1902.8,40.77,0.85341,27.41
