Data,Otwarcie,Najwyzszy,Najnizszy,Zamkniecie,Wolumen
2016-05-06,11.551,12.06027,11.51977,12.05066,1438491
2016-05-09,12.05066,12.06988,11.82965,12.00021,309574
2016-05-10,11.97018,12.00021,11.82005,11.94016,31579
2016-05-11,11.8789,12.05066,11.69994,12.05066,172942
2016-05-12,12.05066,12.28968,12.00021,12.15035,318552
2016-05-13,12.2104,12.40018,12.10951,12.40018,142157
2016-05-16,12.40018,13.20011,12.29929,12.99953,132453
2016-05-17,13.14006,13.14006,12.95148,12.99953,405542
2016-05-18,13.11003,13.69977,13.11003,13.57966,123426
2016-05-19,13.301,13.90035,13.20011,13.90035,53700
2016-05-20,13.90035,14.30032,13.65053,14.30032,55208
2016-05-23,14.24988,14.24988,13.60008,14.00125,36942
2016-05-24,13.84991,14.48049,12.85059,14.19943,96938
2016-05-25,14.19943,15.00056,13.84991,15.00056,32081
2016-05-27,15.00056,15.00056,14.4997,14.89967,4771
2016-05-30,14.70029,15.40053,14.51051,14.89006,66309
2016-05-31,14.97894,14.97894,14.41923,14.69068,42707
2016-06-01,14.69068,14.70029,13.90035,14.40121,18166
2016-06-02,14.35077,14.35077,13.91957,13.91957,5752
2016-06-03,13.79946,14.00125,13.33103,14.00125,8517
2016-06-06,14.35077,14.35077,13.65053,14.00125,2452
2016-06-07,13.81988,14.00125,13.62891,14.00125,52284
2016-06-08,14.00125,14.00125,13.65053,13.65053,1519
2016-06-09,13.51961,13.72019,13.51961,13.69977,4896
2016-06-10,13.60008,13.79946,13.48117,13.79946,14587
2016-06-13,13.79946,13.79946,13.49919,13.69977,11137
2016-06-14,13.49919,13.69977,13.35986,13.69977,16901
2016-06-15,13.46916,13.59047,13.46916,13.59047,56793
2016-06-16,13.3995,13.49919,13.35986,13.49078,22189
2016-06-17,13.35986,13.69977,13.35986,13.69977,21710
2016-06-20,13.5112,13.74902,13.49919,13.74902,17102
2016-06-21,13.79946,13.90035,13.5112,13.84991,20887
2016-06-22,13.84991,14.18982,13.84991,14.00125,25443
2016-06-23,14.00125,14.19943,13.81027,14.19943,8252
2016-06-24,13.49919,14.4997,13.33103,14.3892,110310
2016-06-27,14.3892,15.00056,14.00125,15.00056,69422
2016-06-28,14.61021,15.46899,14.61021,14.89006,33227
2016-06-29,14.89006,14.89006,14.75073,14.8204,32166
2016-06-30,14.97894,15.10146,14.51051,15.10146,92098
2016-07-01,14.91048,14.95012,14.86004,14.94051,985
2016-07-04,14.89006,15.00056,14.51051,15.00056,8078
2016-07-05,14.78076,14.79878,14.67867,14.69068,31577
2016-07-06,14.64023,14.64023,14.24988,14.4997,108336
2016-07-07,14.35918,14.57898,14.35918,14.57057,1305
2016-07-08,14.40962,14.70029,14.40962,14.70029,711
2016-07-11,14.97894,14.97894,14.51051,14.83962,2507
2016-07-12,14.70029,14.83962,14.4997,14.83962,21774
2016-07-13,14.70029,14.97174,14.00845,14.69068,35946
2016-07-14,14.75073,14.75073,14.54895,14.72071,19204
2016-07-15,14.83962,14.83962,14.31954,14.69068,10831
2016-07-18,14.67867,14.67867,14.40962,14.67867,62334
2016-07-19,14.67026,14.67867,14.08052,14.18982,297257
2016-07-20,14.28951,14.28951,14.09974,14.09974,8773
2016-07-21,14.09974,14.48049,14.05049,14.48049,36976
2016-07-22,14.4997,14.4997,14.15018,14.35918,2240
2016-07-25,14.35918,14.35918,14.10935,14.26069,1918
2016-07-26,14.2799,14.54895,14.02046,14.54895,15663
2016-07-27,14.53093,14.53093,13.84991,14.00125,147230
2016-07-28,13.99044,14.18982,13.65893,14.18982,126495
2016-07-29,14.09974,14.09974,13.87033,13.99044,17871
2016-08-01,14.3892,14.3892,13.67094,13.97002,5930
2016-08-02,13.97002,13.97002,13.65053,13.89075,5732
2016-08-03,13.84991,13.84991,13.56044,13.74061,75632
2016-08-04,13.9508,13.9508,13.6193,13.78024,67628
2016-08-05,13.78865,13.78865,13.41031,13.54963,5179
2016-08-08,14.09013,14.09013,13.20972,13.38028,8158
2016-08-09,13.24936,13.97002,13.24936,13.49919,56627
2016-08-10,13.56044,13.56044,13.29019,13.49919,6355
2016-08-11,13.49919,13.69016,13.27938,13.43072,10607
2016-08-12,13.69016,13.69016,13.27938,13.41031,4738
2016-08-16,13.29019,13.49919,13.20972,13.33944,11991
2016-08-17,12.05066,12.05066,10.91009,11.32015,472150
2016-08-18,11.49935,11.49935,10.95045,11.08942,58063
2016-08-19,11.08942,11.30021,10.88991,11.20088,6875
2016-08-22,11.35054,11.46092,10.99981,11.42008,22823
2016-08-23,11.42008,11.42008,11.0099,11.20088,21497
2016-08-24,11.02996,11.39966,11.02996,11.39966,3936
2016-08-25,11.49935,11.72876,11.23006,11.64949,7712
2016-08-26,11.49935,11.59904,11.3611,11.59064,26355
2016-08-29,11.57983,11.57983,11.21961,11.35054,9555
2016-08-30,11.33888,11.39029,11.20088,11.39029,6173
2016-08-31,11.32015,11.33888,11.10971,11.20088,17929
2016-09-01,11.07032,11.28976,11.01987,11.18923,30709
2016-09-02,11.08942,11.18923,10.69942,10.78013,26836
2016-09-05,10.78013,10.78013,9.5,9.5,47524
2016-09-06,9.44991,9.44991,8.75988,9.20993,126907
2016-09-07,9.09991,9.79006,8.99998,9.79006,24400
2016-09-08,9.77997,9.79006,9.5,9.6601,6522
2016-09-09,9.5,10.00026,9.5,10.00026,9336
2016-09-12,10.00026,10.10007,9.88987,10.10007,30017
2016-09-13,10.10956,10.10956,9.75992,10.10007,16646
2016-09-14,10.2,10.39986,10.00962,10.39986,7994
2016-09-15,10.29993,10.39986,10.25009,10.25009,4275
2016-09-16,9.93996,10.18967,9.90981,10.18967,871
2016-09-19,10.39986,10.39986,9.71007,10.2,41653
2016-09-20,10.2,10.2,9.81,10.00026,5067
2016-09-21,10.33957,10.33957,9.55993,9.98981,3398
2016-09-22,9.98044,10.39049,9.98044,10.00026,1324
2016-09-23,9.75992,10.39049,9.75992,10.00026,10097
2016-09-26,9.85997,10.38004,9.85997,10.18967,21840
2016-09-27,9.87991,10.29993,9.87991,10.25009,5769
2016-09-28,10.2896,10.39986,9.90981,10.39049,10730
2016-09-29,10.05947,10.33957,10.05947,10.29993,12962
2016-09-30,10.3499,10.49979,10.00026,10.3499,51390
2016-10-03,10.39986,10.39986,10.10956,10.10956,2464
2016-10-04,10.10956,10.10956,9.30001,9.66995,33959
2016-10-05,9.5,9.87006,9.5,9.79006,888
2016-10-06,9.77997,9.77997,9.62996,9.65001,313
2016-10-07,9.60005,9.85997,9.30998,9.30998,3906
2016-10-10,9.19996,9.5,9.19996,9.5,338
2016-10-11,9.19011,9.44991,8.95001,8.95001,31101
2016-10-12,8.94004,9.47994,8.77009,8.94004,8465
2016-10-13,8.84996,9.15996,8.84996,9.15996,251
2016-10-14,8.85993,9.49003,8.85993,9.08009,1222
2016-10-17,8.99998,9.06988,8.84996,8.99998,42029
2016-10-18,8.99998,9.40007,6.56991,6.9999,466192
2016-10-19,6.95991,7.60994,6.65002,6.88988,283684
2016-10-20,6.81998,7.39002,6.81998,7.19004,63538
2016-10-21,7.28997,7.28997,7.01996,7.24,359878
2016-10-24,7.08002,7.98012,7.08002,7.49992,1540176
2016-10-25,7.96991,7.96991,7.33009,7.89989,491494
2016-10-26,7.98012,8.49996,7.92992,7.99994,133059
2016-10-27,8.20004,8.20004,7.82986,7.99994,49654
2016-10-28,8.05015,8.05015,7.80008,7.99994,1610
2016-10-31,7.99994,8.05015,7.85004,7.9101,7215
2016-11-02,8.19008,8.19008,7.85004,7.98997,4825
2016-11-03,7.80008,7.99994,7.59997,7.99994,49318
2016-11-04,8.09987,8.48002,7.91995,8.48002,50758
2016-11-07,8.49996,8.49996,8.06,8.29998,1354
2016-11-08,8.02,8.37,7.99994,8.37,1012
2016-11-09,8.02,8.37,7.99994,8.37,197256
2016-11-10,8.36003,8.36003,8.01003,8.01003,5696
2016-11-14,7.95994,8.09987,7.74999,7.88992,1607
2016-11-15,7.80008,8.39006,7.78002,8.25001,1211
2016-11-16,8.29001,8.29001,7.70999,7.88992,1706
2016-11-17,7.80008,7.91995,7.49992,7.49992,5657
2016-11-18,7.49992,8.15008,7.49992,7.95009,1316
2016-11-21,8.06,8.06,8.06,8.06,58
2016-11-22,7.98997,8.06,7.63,7.99994,1231
2016-11-23,7.99994,7.99994,7.70003,7.99994,6614
2016-11-24,7.98997,8.09987,7.75996,8.09987,4978
2016-11-25,7.95994,8.20004,7.95994,8.20004,1892
2016-11-28,8.20004,8.20989,8.05015,8.20004,251
2016-11-29,8.20004,8.56998,8.01003,8.56998,10884
2016-11-30,8.56998,8.56998,8.25001,8.48002,13446
2016-12-01,8.36003,8.99998,8.04006,8.04006,17227
2016-12-02,8.20989,8.49996,8.20989,8.39006,918
2016-12-05,8.1699,8.32003,8.13002,8.32003,491
2016-12-06,8.12005,8.40003,7.81005,7.85004,29813
2016-12-07,7.84007,7.84007,7.36996,7.40996,393320
2016-12-08,7.47001,7.47001,7.36996,7.47001,3758
2016-12-09,7.45008,7.45008,7.08999,7.19004,26036
2016-12-12,7.11004,7.24,6.96988,6.96988,270944
2016-12-13,7.06008,7.29994,6.99005,7.25009,3752
2016-12-14,7.00999,7.33009,6.96988,6.96988,8398
2016-12-15,6.9999,7.09995,6.9999,7.00999,4000
2016-12-16,6.9999,7.01996,6.9999,6.9999,5680
2016-12-19,6.9999,7.00999,6.74995,6.80004,56761
2016-12-20,6.89985,7.18007,6.85001,7.18007,6766
2016-12-21,7.09995,7.28997,7.09995,7.28997,4411
2016-12-22,7.20001,7.20001,7.09995,7.09995,1589
2016-12-23,7.09995,7.09995,6.9999,6.9999,3033
2016-12-27,6.9999,6.9999,6.89985,6.95006,8318
2016-12-28,6.95006,6.95006,6.74995,6.74995,6731
2016-12-29,6.75992,6.95006,6.74995,6.88988,3088
2016-12-30,6.95991,6.96988,6.80004,6.96988,4369
2017-01-02,6.80004,7.20001,6.80004,7.20001,283
2017-01-03,7.20001,7.20001,7.00999,7.16998,182
2017-01-04,7.01996,7.18007,6.98008,7.06993,15312
2017-01-05,7.08002,7.19004,7.08002,7.19004,4086
2017-01-09,7.19004,7.45008,7.19004,7.36996,4178
2017-01-10,7.36996,7.36996,7.09995,7.21994,2588
2017-01-11,7.29994,7.47001,7.25009,7.47001,16180
2017-01-12,7.41993,8.20004,7.41993,8.20004,11448
2017-01-13,8.20004,8.20004,7.71996,7.8701,5422
2017-01-16,7.89989,7.89989,7.32,7.71996,4846
2017-01-17,7.71996,7.96991,7.40996,7.96991,814
2017-01-18,7.96991,7.99994,7.65006,7.99994,4861
2017-01-19,8.05015,8.05015,7.80008,7.80008,1062
2017-01-20,7.80008,7.80008,7.59997,7.59997,5283
2017-01-23,7.88992,7.89989,7.51998,7.54004,1579
2017-01-24,7.52995,8.59004,7.52995,8.40003,328150
2017-01-25,8.60001,8.73994,8.05015,8.68,1040609
2017-01-26,9.5,9.95029,9.30998,9.30998,437124
2017-01-27,9.30001,9.30001,8.80011,9.15996,13710
2017-01-30,9.22002,9.65001,9.12009,9.55993,14547
2017-01-31,9.60005,9.65001,8.99998,9.61999,18233
2017-02-01,9.30998,9.53999,9.26002,9.53999,4944
2017-02-02,9.44991,9.80015,9.44991,9.63993,8734
2017-02-03,9.67992,9.79006,9.51009,9.51009,1085
2017-02-06,9.51994,9.73998,9.30998,9.30998,1119
2017-02-07,9.3901,9.61999,9.19011,9.19011,4341
2017-02-08,9.29004,9.40007,9.26002,9.26999,5224
2017-02-09,9.19011,9.30998,9.16981,9.18014,42000
2017-02-10,9.18014,9.19996,9.18014,9.19011,5981
2017-02-13,9.19996,9.6601,9.19996,9.65001,9136
2017-02-14,9.30001,9.5,8.80011,8.99998,105432
2017-02-15,9.15996,9.15996,8.52002,8.80011,53741
2017-02-16,8.80011,8.99998,8.80011,8.99001,6622
2017-02-17,8.95001,8.95001,8.90005,8.95001,819
2017-02-20,8.95001,8.95001,8.95001,8.95001,4
2017-02-22,8.56998,8.98016,8.52999,8.98016,4343
2017-02-23,8.70006,9.5,8.53996,9.5,14213
2017-02-24,9.42,9.42,9.34998,9.34998,5009
2017-02-27,8.73009,9.5,8.73009,9.5,6072
2017-02-28,9.38001,9.62996,9.38001,9.62996,11121
2017-03-01,9.60005,9.65001,9.06988,9.57999,341
2017-03-02,9.49003,9.49003,9.30001,9.30001,110
2017-03-03,9.15,9.19011,9.09991,9.09991,2914
2017-03-06,9.01007,9.09991,8.90005,9.08009,4093
2017-03-07,9.38001,9.38001,8.91014,8.91014,16756
2017-03-09,8.91998,8.99998,8.90005,8.99998,2036
2017-03-10,8.84996,8.84996,8.84996,8.84996,100
2017-03-13,9.29004,9.29004,8.75988,8.84996,229
2017-03-14,8.87999,8.99998,8.80011,8.90005,27362
2017-03-15,8.99998,8.99998,8.99998,8.99998,50000
2017-03-16,8.90005,8.91998,8.90005,8.90005,31564
2017-03-17,8.99001,9.09991,8.91014,9.09991,3070
2017-03-20,9.23984,9.51009,9.23984,9.23984,42595
2017-03-21,9.05006,9.23984,9.05006,9.05006,6509
2017-03-22,9.30001,9.30001,9.30001,9.30001,50
2017-03-23,9.28008,9.40007,8.99998,9.19996,4589
2017-03-24,9.19996,9.19996,8.99998,9.19996,2037
2017-03-27,8.99998,9.19011,8.99998,9.19011,1200
2017-03-28,9.19996,9.19996,9.19996,9.19996,9
2017-03-29,9.19996,9.19996,9.19996,9.19996,560
2017-03-30,9.19996,9.19996,9.19996,9.19996,379
2017-03-31,9.19996,9.38001,9.05006,9.18014,10117
2017-04-03,9.19996,9.19996,9.19996,9.19996,301
2017-04-04,9.15,9.15,8.97007,9.02989,807
2017-04-05,8.92995,8.99001,8.15008,8.99001,77174
2017-04-06,8.78006,9.18014,8.74991,8.74991,11711
2017-04-07,8.74991,8.75988,8.74991,8.75988,639
2017-04-10,8.52999,8.64998,8.52999,8.54993,25190
2017-04-11,8.99001,8.99001,8.60001,8.60001,2104
2017-04-12,8.64998,8.64998,8.44999,8.54993,2881
2017-04-13,8.54993,8.54993,8.40003,8.40003,2744
2017-04-18,8.54993,8.54993,8.44002,8.44002,1416
2017-04-19,8.41997,8.41997,8.29001,8.29998,6787
2017-04-20,8.2601,8.2601,8.06996,8.09002,4271
2017-04-21,8.06996,8.29001,7.95009,7.96991,9808
2017-04-24,8.09987,8.38009,8.09987,8.38009,3821
2017-04-25,8.38009,8.38009,8.29998,8.29998,2276
2017-04-26,8.29998,8.29998,8.21998,8.21998,9790
2017-04-27,8.21998,8.21998,7.85004,7.89989,16647
2017-04-28,7.8199,7.98012,7.75996,7.75996,52205
2017-05-02,8.08005,8.20004,7.99994,8.20004,2091
2017-05-04,7.82002,7.90001,7.03999,7.59991,11962
2017-05-05,7.59991,7.59991,7.50007,7.50007,222
2017-05-08,7.44005,7.44998,7.29993,7.4,6701
2017-05-09,7.36999,7.36999,7.19004,7.29993,55015
2017-05-11,7.30997,7.30997,7.10994,7.13995,3657
2017-05-12,7.05996,7.4,7.05996,7.38996,2692
2017-05-15,7.13995,7.29993,6.99994,7.1201,99122
2017-05-16,7.00998,7.07,6.99994,6.99994,6637
2017-05-17,6.99994,6.99994,6.63001,6.80003,70513
2017-05-18,6.70007,6.80003,6.66002,6.80003,33077
2017-05-19,6.70007,6.99002,6.63001,6.70007,34829
2017-05-22,6.6501,6.99994,6.64005,6.70007,8224
2017-05-23,6.64005,6.99994,6.60993,6.78006,77772
2017-05-24,6.99994,6.99994,6.63001,6.81007,988
2017-05-25,6.81007,6.97997,6.64005,6.78999,29928
2017-05-26,6.83997,6.85001,6.83997,6.85001,55
2017-05-29,6.99002,7.20009,6.94996,6.94996,124357
2017-05-30,6.89987,6.99994,6.81007,6.99002,33769
2017-05-31,6.64005,6.99994,6.64005,6.99994,20005
2017-06-01,6.69003,6.69003,6.69003,6.69003,101
2017-06-02,6.69003,6.72004,6.66002,6.70007,813
2017-06-05,6.70007,6.70007,6.70007,6.70007,65
2017-06-06,6.89987,6.89987,6.89987,6.89987,300
2017-06-07,6.89987,6.89987,6.70007,6.70007,3152
2017-06-08,6.70007,6.78006,6.70007,6.78006,1505
2017-06-09,6.64005,6.89987,6.64005,6.89987,235
2017-06-12,6.71,6.80003,6.70007,6.70007,2283
2017-06-13,6.64005,6.80003,6.60993,6.60993,3639
2017-06-14,6.83004,6.83004,6.57011,6.74994,9929
2017-06-16,6.83997,6.83997,6.81988,6.81988,1213
2017-06-19,6.59989,6.59989,6.52994,6.52994,20096
2017-06-20,6.52994,6.83004,6.52994,6.80003,3161
2017-06-21,6.80003,6.80003,6.56007,6.56007,1654
2017-06-22,6.78999,6.80003,6.56007,6.56007,801
2017-06-26,6.55002,6.55002,6.50005,6.50005,10653
2017-06-27,6.45999,6.83997,6.43991,6.83997,11187
2017-06-28,6.85001,6.99994,6.57011,6.57011,31314
2017-06-29,6.78006,6.78006,6.52994,6.59989,5590
2017-06-30,6.50005,6.99994,6.50005,6.99994,24414
2017-07-03,6.99002,6.99994,6.89987,6.89987,15545
2017-07-04,6.89987,6.99994,6.89987,6.97005,11142
2017-07-05,6.99994,6.99994,6.89987,6.99002,27275
2017-07-06,6.89987,7.37991,6.89987,7.20009,66079
2017-07-07,7.29,7.29,7.10001,7.24995,7053
2017-07-10,7.35002,7.35002,6.81988,7.08997,13064
2017-07-11,7.29993,7.29993,6.85001,7.07993,22830
2017-07-12,7.23991,7.23991,6.80003,7.10001,1780
2017-07-13,6.85001,6.86998,6.17998,6.35011,92226
2017-07-14,6.31999,6.31999,6.14997,6.19995,56578
2017-07-17,6.05001,6.09999,5.91,6.00003,10730
2017-07-18,6.00003,6.11003,5.98999,6.11003,4989
2017-07-19,6.22996,6.22996,5.89996,5.89996,8400
2017-07-20,6.09999,6.13,5.92004,5.92004,12590
2017-07-21,5.92004,5.92004,5.33012,5.79008,37091
2017-07-24,5.79008,5.79008,5.00001,5.44993,33299
2017-07-25,5.44993,5.49009,5.17995,5.17995,20976
2017-07-26,5.37998,5.50002,5.12005,5.44993,14141
2017-07-27,5.95005,5.95005,5.39995,5.50002,179655
2017-07-28,5.50002,5.55011,5.31996,5.50002,119481
2017-07-31,5.70005,6.00003,5.39995,5.39995,119463
2017-08-01,5.58994,5.58994,5.39995,5.44993,14224
2017-08-02,5.45997,5.50002,5.39995,5.41011,4808
2017-08-03,5.39995,5.39995,5.39995,5.39995,22009
2017-08-04,5.39995,5.39995,5.28002,5.34997,53041
2017-08-07,5.26998,5.48005,5.26006,5.37998,5096
2017-08-08,5.39995,5.49009,5.39995,5.48005,8607
2017-08-09,5.47001,5.47001,5.34997,5.47001,2798
2017-08-10,5.31003,5.45997,5.29999,5.44,2279
2017-08-11,5.44,5.59998,5.29999,5.39995,38285
2017-08-14,5.39995,5.59998,5.26006,5.44993,49296
2017-08-16,5.48005,5.49009,5.31996,5.49009,5787
2017-08-17,5.49009,5.67996,5.42996,5.6099,9341
2017-08-18,5.6099,5.6099,5.6099,5.6099,961
2017-08-21,5.42996,5.6301,5.42996,5.58994,4800
2017-08-22,5.50002,5.6301,5.44993,5.55011,75005
2017-08-23,5.50002,5.55011,5.45997,5.53996,42269
2017-08-24,5.58994,5.78004,5.52992,5.58994,73322
2017-08-25,5.76999,5.81997,5.58994,5.80993,118991
2017-08-28,5.8,5.8,5.64003,5.70005,99089
2017-08-29,5.70005,5.72002,5.51999,5.64003,142590
2017-08-30,5.70005,5.74991,5.58994,5.66992,45316
2017-08-31,5.58994,5.66,5.55011,5.62006,35604
2017-09-01,5.73998,5.73998,5.57008,5.65007,1144
2017-09-04,5.65007,5.65007,5.56004,5.59998,1437
2017-09-05,5.69001,5.69001,5.56004,5.59998,816
2017-09-06,5.56004,5.67996,5.56004,5.67996,1742
2017-09-07,5.56004,5.64003,5.55011,5.64003,4868
2017-09-08,5.56004,5.56004,5.42996,5.49009,12765
2017-09-11,5.50002,5.58001,5.49009,5.49009,981
2017-09-12,5.29999,5.50002,5.29999,5.50002,1811
2017-09-13,5.49009,5.49009,5.49009,5.49009,506
2017-09-14,5.49009,5.49009,5.44993,5.44993,689
2017-09-15,5.48005,5.50002,5.36001,5.36001,16451
2017-09-18,5.36994,5.48005,5.34997,5.44,19104
2017-09-19,5.39995,5.47001,5.33012,5.44993,219
2017-09-20,5.44993,5.50002,5.44993,5.50002,4156
2017-09-21,5.41011,5.41011,5.41011,5.41011,230
2017-09-22,5.41011,5.41011,5.41011,5.41011,4499
2017-09-25,5.53996,5.53996,5.36994,5.36994,4289
2017-09-26,5.39995,5.50002,5.39995,5.50002,67
2017-09-27,5.33993,5.39002,5.33993,5.39002,168
2017-09-28,5.41992,5.49009,5.33993,5.49009,13436
2017-09-29,5.39995,5.39995,5.29999,5.39995,12173
2017-10-02,5.39995,5.39995,5.39002,5.39002,1500
2017-10-03,5.49009,5.49009,5.39002,5.39002,2378
2017-10-04,5.29999,5.39002,5.29999,5.39002,1118
2017-10-05,5.37998,5.37998,5.20996,5.36994,3881
2017-10-06,5.36994,5.37998,5.36994,5.37998,557
2017-10-09,5.29999,5.29999,5.29999,5.29999,7517
2017-10-10,5.29999,5.29999,5.23997,5.23997,2529
2017-10-11,5.23997,5.23997,5.23997,5.23997,567
2017-10-12,5.23997,5.39002,5.20996,5.39002,10386
2017-10-13,5.39002,5.39002,5.07007,5.10989,92288
2017-10-16,5.12997,5.49009,4.85007,5.20004,3332912
2017-10-17,5.47001,5.59998,5.09996,5.15006,105699
2017-10-18,5.15006,5.28995,4.98004,5.00001,139342
2017-10-19,5.01998,5.08,4.77009,4.79998,129041
2017-10-20,4.90005,4.90005,4.59995,4.65997,34866
2017-10-23,4.78001,4.83011,4.71999,4.83011,1715
2017-10-24,4.79998,4.94991,4.76004,4.79998,256179
2017-10-25,5.28002,5.44,5.12997,5.20004,258574
2017-10-26,5.18999,5.28995,5.12005,5.18999,48012
2017-10-27,5.25001,5.25001,5.15998,5.22,23623
2017-10-30,5.23997,5.26998,5.12005,5.12005,344171
2017-10-31,5.17995,5.17995,5.00001,5.04999,1049466
2017-11-02,5.08,5.20004,5.07007,5.12997,19093
2017-11-03,5.20004,5.33993,5.15006,5.33993,25626
2017-11-06,5.34997,5.62006,5.34997,5.44993,107385
2017-11-07,5.50002,5.58994,5.39002,5.39002,6274
2017-11-08,5.39002,5.49009,5.25001,5.25001,19898
2017-11-09,5.26998,5.39995,5.17003,5.33993,72121
2017-11-10,5.22,5.51999,5.12005,5.28995,72314
2017-11-13,4.79005,4.79005,3.15994,3.15994,1913793
2017-11-14,3.40001,3.55999,3.24996,3.31991,382001
2017-11-15,3.35004,3.68003,3.31991,3.40001,314564
2017-11-16,3.49997,3.70011,3.46003,3.51994,158059
2017-11-17,3.54995,3.57996,3.33007,3.44999,144559
2017-11-20,3.40001,3.59993,3.40001,3.51994,64265
2017-11-21,3.51994,3.54995,3.40001,3.48,331333
2017-11-22,3.54995,3.85998,3.41998,3.85005,421340
2017-11-23,3.90003,3.99006,3.71997,3.99006,31052
2017-11-24,3.90003,4.03992,3.90003,3.95993,28441
2017-11-27,3.85998,4.17993,3.84012,4.16008,203110
2017-11-28,4.12002,4.53001,4.12002,4.45002,150214
2017-11-29,4.51996,4.59995,4.45002,4.45994,183975
2017-11-30,4.45994,4.55009,4.40004,4.55009,19859
2017-12-01,4.5,4.64,4.13007,4.21998,59366
2017-12-04,4.10987,4.48014,4.02988,4.06,108013
2017-12-05,4.09001,4.17993,4.09001,4.16989,7603
2017-12-06,4.16989,4.26003,4.09001,4.21998,19025
2017-12-07,4.29004,4.5,4.24006,4.35999,34172
2017-12-08,4.35999,4.56002,4.35999,4.42001,78164
2017-12-11,4.40004,4.48995,4.40004,4.45002,7808
2017-12-12,4.40004,4.40004,4.29997,4.32005,8491
2017-12-13,4.31001,4.57998,4.31001,4.55009,59222
2017-12-14,4.53993,4.64993,4.42993,4.56994,66249
2017-12-15,4.50992,4.71999,4.50992,4.67994,48436
2017-12-18,4.59995,4.59995,4.34002,4.45002,45640
2017-12-19,4.5,4.5,4.32998,4.34002,55547
2017-12-20,4.32998,4.42001,4.24987,4.29997,61943
2017-12-21,4.40004,4.40004,4.24987,4.39,23429
2017-12-22,4.39,4.39,4.29997,4.29997,66358
2017-12-27,4.34995,4.34995,4.29997,4.29997,34085
2017-12-28,4.29997,4.43998,4.29997,4.42993,17187
2017-12-29,4.34995,4.46999,4.34995,4.46999,22708
2018-01-03,4.45002,4.45002,4.37996,4.45002,1131
2018-01-04,4.46999,4.59995,4.46999,4.55009,27432
2018-01-05,4.5,4.5,4.40004,4.45002,7161
2018-01-08,4.45002,4.45002,4.40004,4.40004,23261
2018-01-09,4.48014,4.50992,4.48014,4.50992,10358
2018-01-10,4.50992,4.53993,4.43998,4.53993,7579
2018-01-11,4.50992,4.59995,4.50992,4.59995,11980
2018-01-12,4.64,4.64,4.57998,4.60999,49168
2018-01-15,4.59995,4.63008,4.55009,4.55009,7600
2018-01-16,4.55009,4.64,4.5,4.64,18709
2018-01-17,4.64,4.64993,4.59995,4.64,59765
2018-01-18,4.64,4.90005,4.55009,4.85007,49674
2018-01-19,4.88989,4.99008,4.75,4.93999,10910
2018-01-22,4.99008,5.12005,4.94991,5.00001,19753
2018-01-23,5.00001,5.00001,4.90005,4.90005,10439
2018-01-24,4.90005,4.93999,4.77009,4.93999,6875
2018-01-25,4.96988,4.99008,4.93999,4.96988,11178
2018-01-26,4.95996,5.00001,4.95996,4.96988,12426
2018-01-29,4.96988,4.99008,4.96988,4.99008,14264
2018-01-30,4.96988,4.99008,4.87004,4.99008,14128
2018-01-31,4.87997,4.91009,4.87004,4.91009,3768
2018-02-01,4.87997,4.91009,4.79998,4.91009,2510
2018-02-02,4.88989,4.91009,4.84003,4.91009,7626
2018-02-05,4.88989,5.29999,4.79998,5.15998,39908
2018-02-06,4.83011,5.09996,4.81995,5.03994,57347
2018-02-07,5.17995,5.20004,4.93006,5.20004,7022
2018-02-08,5.23997,5.53996,5.20004,5.39995,64113
2018-02-09,5.50002,5.50002,5.26006,5.37998,2085
2018-02-12,5.26006,5.44,5.26006,5.31996,9103
2018-02-13,5.31996,5.50002,5.23997,5.50002,29971
2018-02-14,5.50002,5.89996,5.50002,5.84006,240649
2018-02-15,5.89996,6.00003,5.78004,5.8,36540
2018-02-16,5.87999,5.89996,5.72002,5.89996,7886
2018-02-19,5.89996,5.95998,5.62006,5.87999,1910
2018-02-20,5.73998,5.86002,5.70005,5.86002,4326
2018-02-21,5.76007,5.8,5.51999,5.76007,50356
2018-02-22,5.87999,5.87999,5.70005,5.78004,2985
2018-02-23,5.8,5.8,5.72002,5.72002,1550
2018-02-26,5.70005,5.78004,5.70005,5.76007,4641
2018-02-27,5.72002,5.98006,5.72002,5.98006,14497
2018-02-28,5.95998,5.98006,5.72002,5.98006,87101
2018-03-01,5.84006,5.98006,5.78004,5.94001,5163
2018-03-02,5.94001,6.09999,5.94001,5.98006,15130
2018-03-05,6.00003,6.00003,5.8,5.89996,15174
2018-03-06,5.89996,6.08002,5.89996,6.03997,11441
2018-03-07,6.06005,6.48008,6.03997,6.30002,127086
2018-03-08,6.34007,6.43991,6.22003,6.24,20158
2018-03-09,6.42006,6.42006,6.30002,6.38001,8786
2018-03-12,6.31999,6.39997,6.19995,6.26008,9753
2018-03-13,6.30002,6.38001,6.30002,6.38001,4200
2018-03-14,6.39997,6.39997,6.09999,6.24,18338
2018-03-15,6.16001,6.35992,6.16001,6.17998,5104
2018-03-16,6.14004,6.19995,5.62006,5.81997,113944
2018-03-19,5.72002,5.8,5.59998,5.66,37682
2018-03-20,5.59998,5.94001,5.59998,5.92004,69441
2018-03-21,6.06005,6.11996,5.95998,6.00003,11129
2018-03-22,6.00003,6.00003,5.84006,5.86002,48279
2018-03-23,5.84006,5.84006,5.73998,5.73998,3790
2018-03-26,5.84006,6.00003,5.73998,6.00003,8520
2018-03-27,6.02,6.14004,5.41992,5.41992,192601
2018-03-28,5.22,5.50002,5.12005,5.50002,186311
2018-03-29,5.39995,5.50002,5.33993,5.50002,64711
2018-04-03,5.48005,5.50002,5.48005,5.50002,6058
2018-04-04,5.48005,5.50002,5.48005,5.50002,4281
2018-04-05,5.66,5.66,5.66,5.66,199
2018-04-06,5.45997,5.73998,5.45997,5.73998,4990
2018-04-09,5.78004,5.78004,5.50002,5.76007,2300
2018-04-10,5.72002,5.8,5.51999,5.8,13316
2018-04-11,5.67996,5.8,5.62006,5.8,6715
2018-04-12,5.78004,5.78004,5.78004,5.78004,1447
2018-04-16,5.78004,5.78004,5.78004,5.78004,1327
2018-04-17,5.62006,5.81997,5.62006,5.81997,10591
2018-04-18,5.67996,5.67996,5.62006,5.62006,3695
2018-04-19,5.62006,5.62006,5.62006,5.62006,46381
2018-04-20,5.76007,5.78004,5.62006,5.70005,3860
2018-04-23,5.62006,5.73998,5.62006,5.73998,7694
2018-04-24,5.72002,5.84006,5.72002,5.84006,9672
2018-04-25,6.39997,6.66002,6.30002,6.59989,131719
2018-04-26,6.5199,6.80003,6.5199,6.67987,30620
2018-04-27,6.59989,6.67987,6.48008,6.67987,11271
2018-04-30,6.67987,6.70007,6.39997,6.50005,17734
2018-05-02,6.50005,6.67987,6.45999,6.59989,10631
2018-05-04,6.75998,6.75998,6.42006,6.45999,8157
2018-05-07,6.66002,6.66002,6.50005,6.58003,106207
2018-05-08,6.66002,6.66002,6.50005,6.59989,1736
2018-05-09,6.59989,6.59989,6.30002,6.56007,5298
2018-05-10,6.50005,6.59989,6.38001,6.58003,11324
2018-05-11,6.56007,6.56007,6.56007,6.56007,199
2018-05-14,6.58003,6.58003,5.36001,5.95998,139621
2018-05-15,6.00003,6.09999,5.62006,5.70005,17755
2018-05-16,5.66,5.72002,5.51999,5.51999,5137
2018-05-17,5.51999,5.73998,5.51999,5.73998,21080
2018-05-18,5.73998,5.81997,5.51999,5.56004,33562
2018-05-21,5.33993,5.8,5.31996,5.70005,12044
2018-05-22,5.70005,5.8,5.59998,5.8,12591
2018-05-23,5.98006,6.09999,5.56004,5.84006,24641
2018-05-28,5.70005,5.87999,5.56004,5.87999,26733
2018-05-29,5.56004,5.8,5.56004,5.8,11330
2018-05-30,5.62006,5.87999,5.56004,5.87999,77342
2018-06-01,5.87999,5.87999,5.59998,5.73998,719
2018-06-04,5.73998,5.73998,5.59998,5.59998,3462
2018-06-05,5.59998,5.8,5.59998,5.8,2084
2018-06-06,5.78004,5.78004,5.56004,5.72002,1684
2018-06-07,5.72002,5.78004,5.72002,5.78004,1001
2018-06-08,5.78004,5.78004,5.78004,5.78004,64
2018-06-11,5.59998,5.78004,5.59998,5.78004,180
2018-06-12,5.62006,5.76007,5.56004,5.72002,3965
2018-06-13,5.70005,5.73998,5.70005,5.70005,1741
2018-06-14,5.58001,5.58001,5.14002,5.53996,28063
2018-06-15,5.26006,5.50002,5.20004,5.50002,12167
2018-06-18,5.50002,5.50002,5.39995,5.50002,690
2018-06-19,5.29999,5.48005,5.29999,5.37998,12802
2018-06-20,5.29999,5.39995,5.29999,5.39995,64
2018-06-21,5.22,5.37998,5.22,5.37998,872
2018-06-22,5.22,5.37998,5.15998,5.33993,2469
2018-06-25,5.22,5.37998,5.15998,5.37998,6985
2018-06-26,5.39995,5.39995,5.17995,5.31996,2739
2018-06-27,5.17995,5.37998,5.15998,5.37998,2085
2018-06-28,5.37998,5.37998,5.15998,5.29999,1846
2018-06-29,5.29999,5.8,5.29999,5.48005,16193
2018-07-02,5.29999,5.29999,5.23997,5.28002,4090
2018-07-03,5.17995,5.23997,5.17995,5.22,1764
2018-07-04,5.23997,5.23997,5.15998,5.20004,61353
2018-07-05,5.41992,5.41992,5.41992,5.41992,100
2018-07-06,5.37998,5.50002,5.37998,5.45997,1187
2018-07-09,5.45997,5.45997,5.45997,5.45997,182
2018-07-10,5.37998,5.44,5.23997,5.39995,2554
2018-07-11,5.23997,5.39995,5.17995,5.36001,4636
2018-07-12,5.36001,5.36001,5.36001,5.36001,199
2018-07-16,5.48005,5.89996,5.48005,5.59998,101392
2018-07-17,5.70005,5.72002,5.64003,5.70005,7225
2018-07-18,5.73998,5.73998,5.56004,5.66,48801
2018-07-19,5.56004,5.66,5.15998,5.53996,4286
2018-07-20,5.29999,5.53996,5.29999,5.53996,154
2018-07-23,5.53996,5.58001,5.31996,5.58001,1344
2018-07-24,5.58001,5.66,5.31996,5.59998,8285
2018-07-25,5.59998,5.66,5.59998,5.66,769
2018-07-26,5.67996,6.09999,5.67996,6.08002,10507
2018-07-27,6.39997,6.39997,5.95998,6.08002,8603
2018-07-30,5.95998,6.19995,5.95998,6.14004,3952
2018-07-31,6.09999,6.09999,5.92004,6.08002,5078
2018-08-01,6.08002,6.08002,6.03997,6.08002,2227
2018-08-02,6.02,6.02,5.86002,5.89996,4188
2018-08-03,5.94001,5.94001,5.89996,5.94001,3842
2018-08-06,6.38001,6.39997,6.19995,6.30002,102198
2018-08-07,6.30002,6.30002,6.22003,6.24,6720
2018-08-08,6.27993,6.27993,6.16001,6.22003,14434
2018-08-09,6.24,6.30002,6.19995,6.27993,4931
2018-08-10,6.27993,6.27993,6.17998,6.17998,18915
2018-08-13,6.17998,6.17998,6.00003,6.17998,3579
2018-08-14,6.27993,6.27993,6.09999,6.27993,3464
2018-08-16,6.26008,6.26008,6.00003,6.22003,4646
2018-08-17,6.24,6.24,6.24,6.24,12
2018-08-20,6.19995,6.19995,6.03997,6.19995,1469
2018-08-21,6.03997,6.24,5.92004,6.24,4352
2018-08-22,6.24,6.24,6.08002,6.22003,1470
2018-08-23,6.30002,6.50005,6.11996,6.31999,29739
2018-08-24,6.39997,6.39997,6.19995,6.35992,3235
2018-08-27,6.35992,6.35992,6.19995,6.30002,7746
2018-08-28,6.35992,6.38001,6.11996,6.31999,7240
2018-08-29,6.34007,6.34007,6.16001,6.30002,5817
2018-08-30,6.19995,6.35992,6.19995,6.27993,3020
2018-08-31,6.14004,6.26008,5.94001,5.94001,46648
2018-09-03,5.89996,5.89996,5.39995,5.81997,35977
2018-09-04,5.8,5.8,5.50002,5.59998,4985
2018-09-05,5.59998,5.64003,5.41992,5.59998,2075
2018-09-06,5.58001,5.59998,5.39995,5.59998,10685
2018-09-07,5.28002,5.39995,5.23997,5.28002,20165
2018-09-10,5.28002,5.67996,5.28002,5.67996,9442
2018-09-11,5.67996,5.67996,5.39995,5.66,1464
2018-09-12,5.58001,5.67996,5.39995,5.56004,1708
2018-09-13,5.56004,5.56004,5.45997,5.53996,1359
2018-09-14,5.56004,5.56004,5.39995,5.56004,1024
2018-09-17,5.50002,5.50002,5.48005,5.50002,1637
2018-09-18,5.48005,5.59998,5.00001,5.22,30043
2018-09-19,5.22,5.67996,4.71999,5.00001,70017
2018-09-20,5.00001,5.00001,4.90005,5.00001,612
2018-09-21,5.00001,5.00001,4.90005,4.90005,2720
2018-09-24,4.90005,4.90005,4.42993,4.79998,36867
2018-09-25,4.5,4.76004,4.45994,4.5,10041
2018-09-26,4.5,4.76004,4.48014,4.53001,7220
2018-09-27,4.5,4.59995,4.45994,4.48014,22431
2018-09-28,4.48014,4.70002,4.17993,4.17993,11136
2018-10-01,4.12002,4.29004,4.12002,4.16008,23208
2018-10-02,4.21998,4.24006,4.12002,4.16008,18088
2018-10-03,4.15003,4.18997,4.15003,4.18997,1553
2018-10-04,4.20001,4.26996,4.13007,4.13007,65438
2018-10-05,4.13999,4.24006,4.12002,4.12002,17406
2018-10-08,4.28,4.39,4.13999,4.26003,70450
2018-10-09,4.26003,4.64993,4.24006,4.64,47438
2018-10-10,4.71999,5.03994,4.64993,4.79998,49917
2018-10-11,4.67001,4.78001,4.55009,4.60999,45313
2018-10-12,4.88989,4.88989,4.59003,4.70002,100946
2018-10-15,4.70002,4.81995,4.59995,4.76004,72920
2018-10-16,4.90005,4.90005,4.70002,4.90005,231176
2018-10-17,4.90005,5.00001,4.85007,4.98004,97390
2018-10-18,4.98004,5.08,4.93999,5.00001,154217
2018-10-19,5.08,5.09996,4.91009,4.99008,6889
2018-10-22,4.99008,4.99008,4.83011,4.87004,7806
2018-10-23,4.88989,4.88989,4.65997,4.80991,9010
2018-10-24,4.70002,4.79998,4.67001,4.79998,2402
2018-10-25,4.6901,4.79998,4.67994,4.79998,610
2018-10-26,4.78001,4.79998,4.71007,4.79998,4769
2018-10-29,4.79998,5.00001,4.79998,5.00001,6189
2018-10-30,4.99008,5.00001,4.90005,4.90005,6358
2018-10-31,4.92002,4.98004,4.64993,4.64993,14748
2018-11-02,4.87997,4.87997,4.65997,4.75,6387
2018-11-05,4.79005,4.79998,4.75,4.79005,3385
2018-11-06,4.79998,4.79998,4.70002,4.70002,9314
2018-11-07,4.70002,4.70002,4.55009,4.55009,10216
2018-11-08,4.59995,4.59995,4.24006,4.39,10480
2018-11-09,4.40004,4.79005,4.40004,4.57998,53563
2018-11-13,4.64,4.71999,4.50992,4.70002,11010
2018-11-14,4.73996,4.90005,4.73996,4.90005,18497
2018-11-15,4.88989,4.88989,4.64993,4.88989,838
2018-11-16,4.87004,4.88989,4.79998,4.87997,17321
2018-11-19,4.87997,4.87997,4.79998,4.87997,7193
2018-11-20,4.80991,4.96988,4.79998,4.87997,10237
2018-11-21,4.71007,4.87004,4.70002,4.86,5079
2018-11-22,4.86,4.86,4.86,4.86,214
2018-11-23,4.85007,4.87997,4.85007,4.87997,3770
2018-11-26,4.87997,4.87997,4.76004,4.85007,1942
2018-11-27,4.73996,4.90005,4.70002,4.83011,6728
2018-11-28,4.83011,4.84003,4.83011,4.84003,901
2018-11-29,4.79005,4.91009,4.73996,4.90005,2324
2018-11-30,4.91009,4.91009,4.70002,4.70002,3606
2018-12-03,4.70002,4.87004,4.64,4.85007,6798
2018-12-04,4.72992,4.83011,4.72992,4.83011,392
2018-12-05,4.83011,4.95996,4.83011,4.90005,1078
2018-12-06,4.85007,5.14002,4.84003,4.96988,5133
2018-12-07,4.98004,4.98004,4.80991,4.91009,3920
2018-12-10,4.59996,4.59996,4.41001,4.50006,9368
2018-12-11,4.50006,4.50006,4.50006,4.50006,1153
2018-12-12,4.59996,4.59996,4.57992,4.59996,9736
2018-12-13,4.69001,4.72002,4.50006,4.72002,3904
2018-12-14,4.70995,4.72002,4.70995,4.72002,5449
2018-12-17,4.63009,4.68004,4.59996,4.68004,9000
2018-12-18,4.59996,4.63009,4.55001,4.59996,12935
2018-12-19,4.59996,4.63009,4.55001,4.55001,4981
2018-12-20,4.55001,4.55001,4.43006,4.45,9221
2018-12-21,4.45,4.45,4.31,4.39994,11876
2018-12-27,4.34002,4.44003,4.30003,4.34998,6160
2018-12-28,4.41998,4.41998,4.34998,4.39994,4332
2019-01-02,4.45,4.45,4.45,4.45,2143
2019-01-03,4.50006,4.50006,4.50006,4.50006,638
2019-01-04,4.43006,4.43006,4.41001,4.41001,469
2019-01-07,4.41998,4.55001,4.41998,4.47004,2370
2019-01-08,4.45,4.58999,4.45,4.58999,2150
2019-01-09,4.52,4.59996,4.52,4.59996,5279
2019-01-10,4.54004,4.59996,4.54004,4.59996,730
2019-01-11,4.59996,4.59996,4.59996,4.59996,33990
2019-01-14,4.65002,4.65002,4.45,4.56995,4017
2019-01-15,4.48001,4.57992,4.47004,4.48001,4409
2019-01-16,4.52,4.52997,4.48001,4.48001,3554
2019-01-17,4.57992,4.68004,4.57992,4.68004,23681
2019-01-18,4.65999,4.65999,4.57992,4.57992,1080
2019-01-21,4.57992,4.59996,4.57992,4.59996,300
2019-01-22,4.57992,4.58999,4.45,4.54004,6604
2019-01-23,4.54004,4.54004,4.47004,4.52997,1660
2019-01-24,4.45997,4.54004,4.43006,4.54004,1911
2019-01-25,4.52997,4.52997,4.50006,4.50006,2250
2019-01-28,4.50006,4.50006,4.47004,4.47004,3720
2019-01-29,4.47004,4.50006,4.47004,4.48001,3890
2019-01-30,4.48001,4.48001,4.09004,4.24,37203
2019-01-31,4.30003,4.38997,4.1,4.38997,8154
2019-02-01,4.38997,4.41998,4.38997,4.41998,1275
2019-02-04,4.45,4.59996,4.45,4.55001,1361
2019-02-05,4.48001,4.48001,4.20002,4.36006,7616
2019-02-06,4.37003,4.48998,4.37003,4.45,4025
2019-02-07,4.39994,4.43006,4.36006,4.43006,8067
2019-02-08,4.47004,4.48001,4.47004,4.47004,1815
2019-02-11,4.31997,4.45,4.30003,4.34998,27803
2019-02-12,4.31997,4.31997,4.23003,4.31997,3350
2019-02-13,4.25994,4.41001,4.25994,4.38997,18007
2019-02-14,4.38,4.38997,4.34002,4.38997,5163
2019-02-15,4.38997,4.38997,4.38997,4.38997,4058
2019-02-18,4.38,4.57992,4.37003,4.57992,2731
2019-02-19,4.50006,4.52,4.36006,4.39994,7288
2019-02-20,4.48998,4.50006,4.36006,4.36006,8749
2019-02-21,4.36006,4.36006,4.30003,4.30003,4733
2019-02-22,4.43006,4.43006,4.27999,4.39994,1317
2019-02-25,4.27999,4.29006,4.20002,4.29006,9515
2019-02-26,4.30003,4.34998,4.23003,4.23003,4773
2019-02-27,4.24,4.39994,4.24,4.34998,4430
2019-02-28,4.25994,4.30003,4.24997,4.30003,1099
2019-03-01,4.24997,4.31,4.24997,4.27999,12403
2019-03-04,4.27999,4.34998,4.25994,4.34002,3898
2019-03-05,4.27002,4.30003,4.27002,4.30003,3914
2019-03-06,4.27002,4.29006,4.24,4.29006,3101
2019-03-07,4.23003,4.25994,4.23003,4.24,15056
2019-03-08,4.21996,4.21996,4.20002,4.20002,3315
2019-03-11,4.24997,4.24997,4.21996,4.23003,5840
2019-03-12,4.23003,4.24997,4.23003,4.23003,561
2019-03-13,4.23003,4.23003,4.23003,4.23003,300
2019-03-14,4.23003,4.24997,4.23003,4.24997,938
2019-03-15,4.24997,4.39994,4.20999,4.34998,67127
2019-03-18,4.36006,4.36006,4.02004,4.05005,67626
2019-03-19,4.1,4.1,4.1,4.1,11452
2019-03-20,4.1,4.1,3.80007,4.03998,35185
2019-03-21,4.1,4.1,4.07996,4.1,3841
2019-03-22,3.94993,4.09004,3.94993,3.99999,8957
2019-03-25,4.11008,4.11008,4.1,4.1,2076
2019-03-26,4.05991,4.1,4.03001,4.1,2168
2019-03-27,4.03998,4.05005,3.94993,4.02004,8043
2019-03-28,4.07996,4.07996,3.99999,3.99999,1968
2019-03-29,4.05005,4.05005,3.99999,4.03998,501
2019-04-01,3.99999,4.03001,3.9301,3.94993,1869
2019-04-02,3.96001,3.99999,3.96001,3.98005,1241
2019-04-03,3.98005,4.06999,3.98005,4.03998,4836
2019-04-04,4.03998,4.03998,4.03001,4.03001,1125
2019-04-05,4.03001,4.03001,3.99999,4.03001,5741
2019-04-08,4.00996,4.03001,3.99999,3.99999,1918
2019-04-09,3.99999,3.99999,3.89998,3.89998,10340
2019-04-10,3.89998,3.89998,3.87993,3.87993,27620
2019-04-11,3.87993,3.87993,3.84006,3.85003,9530
2019-04-12,3.85003,3.87993,3.82998,3.87993,22815
2019-04-15,3.82001,3.99002,3.82001,3.99002,3406
2019-04-16,3.91005,4.03998,3.91005,3.99999,5349
2019-04-17,4.03998,4.03998,3.99999,4.03001,4899
2019-04-18,4.03998,4.06999,4.03001,4.03001,5444
2019-04-23,4.05005,4.1,4.05005,4.09004,6025
2019-04-24,3.99,3.99,3.90997,3.99,2294
2019-04-25,3.99997,3.99997,3.99,3.99,1191
2019-04-26,3.93,3.93,3.80003,3.84997,13758
2019-04-29,3.84997,3.84997,3.84997,3.84997,407
2019-04-30,3.81997,3.89003,3.81997,3.84997,1653
2019-05-06,3.80003,3.9,3.80003,3.9,13565
2019-05-07,3.77003,3.77003,3.77003,3.77003,480
2019-05-08,3.75997,3.78,3.75997,3.78,424
2019-05-09,3.74003,3.80003,3.74003,3.80003,14000
2019-05-10,3.72997,3.9,3.72997,3.81,4500
2019-05-13,3.89003,3.89003,3.80003,3.80003,660
2019-05-15,3.80003,3.80003,3.80003,3.80003,3000
2019-05-16,3.75,3.9,3.74003,3.80003,5807
2019-05-17,3.80003,3.87,3.75,3.87,699
2019-05-20,3.75,3.80003,3.75,3.80003,362
2019-05-21,3.80003,3.80003,3.80003,3.80003,1029
2019-05-22,3.74003,3.78997,3.62003,3.69,4215
2019-05-23,3.90997,3.90997,3.69997,3.69997,355
2019-05-24,3.69997,3.69997,3.69997,3.69997,100
2019-05-27,3.69,3.81997,3.69,3.81997,3125
2019-05-28,3.69997,3.78997,3.65003,3.78997,1374
2019-05-29,3.69997,3.75,3.66,3.69997,14818
2019-05-30,3.72997,3.84997,3.69997,3.84997,10483
2019-05-31,3.80003,3.99997,3.75,3.99997,32778
2019-06-03,3.95003,3.95003,3.95003,3.95003,2000
2019-06-04,3.98003,3.98003,3.98003,3.98003,200
2019-06-06,3.95003,3.95003,3.81,3.83003,384
2019-06-07,3.95003,3.95003,3.81,3.84997,1251
2019-06-10,3.84997,3.92003,3.84997,3.92003,2323
2019-06-11,3.93,3.93,3.93,3.93,286
2019-06-13,3.9,3.9,3.9,3.9,100
2019-06-14,3.84997,3.84997,3.71003,3.81997,3323
2019-06-17,3.81997,3.84997,3.77003,3.77003,25870
2019-06-18,3.72,3.72,3.36,3.42997,10941
2019-06-19,3.69,3.69,3.50003,3.63,5477
2019-06-21,3.48,3.71003,3.48,3.66997,721
2019-06-24,3.47003,3.65003,3.47003,3.6,3083
2019-06-25,3.50003,3.60997,3.50003,3.60997,4109
2019-06-26,3.6,3.6,3.39997,3.48997,68897
2019-06-27,3.65003,3.65003,3.54997,3.6,72567
2019-06-28,3.6,3.72,3.54997,3.72,10500
2019-07-01,3.62003,3.80003,3.6,3.80003,1442
2019-07-02,3.80003,3.80003,3.80003,3.80003,500
2019-07-03,3.69997,3.69997,3.69997,3.69997,500
2019-07-04,3.69997,3.75997,3.50003,3.75997,4140
2019-07-05,3.57,3.57,3.57,3.57,242
2019-07-08,3.53003,3.6,3.53003,3.6,1150
2019-07-09,3.6,3.6,3.6,3.6,191
2019-07-10,3.6,3.72,3.6,3.72,400
2019-07-11,3.54997,3.6,3.54997,3.56003,1005
2019-07-12,3.75,3.75,3.75,3.75,200
2019-07-15,3.57997,3.75,3.50003,3.75,15255
2019-07-16,3.74003,3.74003,3.74003,3.74003,49
2019-07-18,3.62003,3.69997,3.62003,3.69997,674
2019-07-19,3.62003,3.68003,3.62003,3.65003,2290
2019-07-22,3.60997,3.60997,3.54997,3.57,410
2019-07-23,3.57,3.57,3.57,3.57,1300
2019-07-24,3.54997,3.57,3.44003,3.44003,5956
2019-07-25,3.50003,3.63997,3.50003,3.63997,20312
2019-07-26,3.51997,3.51997,3.51997,3.51997,200
2019-07-29,3.63997,3.63997,3.45,3.45,2480
2019-07-30,3.62003,3.62003,3.62003,3.62003,1115
2019-07-31,3.63,3.68003,3.63,3.68003,1138
2019-08-01,3.78,3.78,3.6,3.6,8261
2019-08-02,3.60997,3.72,3.6,3.72,5015
2019-08-05,3.74003,3.74003,3.60997,3.60997,827
2019-08-06,3.62003,3.62003,3.62003,3.62003,20
2019-08-07,3.60997,3.60997,3.6,3.6,22051
2019-08-08,3.48,3.59003,3.48,3.54997,5394
2019-08-09,3.54997,3.54997,3.54997,3.54997,23
2019-08-12,3.66,3.66,3.66,3.66,95
2019-08-13,3.66,3.66,3.59003,3.59003,510
2019-08-16,3.63997,3.63997,3.63997,3.63997,236
2019-08-20,3.48,3.69,3.48,3.69,4227
2019-08-21,3.51,3.68003,3.41003,3.68003,7889
2019-08-22,3.66,3.66,3.66,3.66,10
2019-08-23,3.45997,3.65003,3.45,3.48997,6135
2019-08-26,3.54997,3.54997,3.33,3.39997,13201
2019-08-27,3.39997,3.45997,3.39997,3.45997,140
2019-08-28,3.39997,3.48,3.39997,3.39997,340
2019-08-29,3.35003,3.45997,3.35003,3.45997,1020
2019-08-30,3.44003,3.44003,3.44003,3.44003,1200
2019-09-02,3.45997,3.45997,3.45997,3.45997,200
2019-09-03,3.30997,3.30997,3.3,3.3,1300
2019-09-04,3.27997,3.39,3.15,3.39,9177
2019-09-05,3.39997,3.39997,3.20003,3.36997,28327
2019-09-06,3.36997,3.36997,3.36997,3.36997,65
2019-09-09,3.39,3.39997,3.39,3.39997,410
2019-09-10,3.09997,3.20003,3.06,3.18997,36783
2019-09-11,3.20003,3.20003,3.20003,3.20003,769
2019-09-12,3.09997,3.20003,3.09997,3.20003,890
2019-09-13,3.20003,3.20003,3.09,3.15997,502
2019-09-16,3.09,3.18,3.08003,3.18,1341
2019-09-17,3.18997,3.18997,3.18997,3.18997,1
2019-09-18,3.18,3.18997,3,3,36776
2019-09-19,3.00997,3.14003,2.91,3.14003,8403
2019-09-20,3.02003,3.18,3.02003,3.18,4167
2019-09-23,3.18,3.18,3.02003,3.17003,6508
2019-09-24,3.03,3.15997,3.03,3.15997,405
2019-09-25,3.14003,3.14003,3.14003,3.14003,1
2019-09-27,3.03997,3.12,3.03997,3.12,2629
2019-09-30,3.12,3.14003,3.12,3.14003,105
2019-10-01,3.09997,3.09997,3.03997,3.09,6749
2019-10-02,3.14003,3.17003,3.03997,3.17003,5338
2019-10-03,3.09997,3.14003,3.05003,3.14003,1135
2019-10-04,3.27,3.27,3.11003,3.11003,2113
2019-10-07,3.11003,3.15997,3.05003,3.15,4550
2019-10-08,3.15,3.15,3.03,3.08003,11023
2019-10-09,3.24,3.24,3.20003,3.20003,7
2019-10-10,3.21997,3.21997,3.03997,3.09997,165
2019-10-11,3.21997,3.21997,3.06,3.18997,10215
2019-10-14,3.18997,3.18997,3.06997,3.08003,110
2019-10-15,3.18,3.18,3.09997,3.09997,538
2019-10-16,3.11003,3.18,3.11003,3.15,451
2019-10-17,3.18,3.18,3.15,3.15,262
2019-10-18,3.18,3.18,3.15,3.15,2220
2019-10-21,3.15,3.27,3.05003,3.20003,22003
2019-10-22,3.24997,3.24997,3.17003,3.23003,4263
2019-10-23,3.18,3.24997,3.17003,3.21,1180
2019-10-24,3.23003,3.24,3.15997,3.18,4160
2019-10-25,3.18,3.26003,3.15,3.24,13650
2019-10-28,3.51997,3.63,3.41003,3.47003,19900
2019-10-29,3.57,3.78,3.48997,3.50003,6716
2019-10-30,3.50003,3.50003,3.45997,3.45997,1454
2019-10-31,3.50003,3.50003,3.50003,3.50003,52
2019-11-04,3.50003,3.50003,3.48997,3.48997,755
2019-11-05,3.59003,3.59003,3.42,3.48,893
2019-11-06,3.59003,3.59003,3.53003,3.53003,3507
2019-11-07,3.50003,3.50003,3.44003,3.50003,703
2019-11-08,3.50003,3.50003,3.42,3.50003,215
2019-11-12,3.50003,3.50003,3.48,3.50003,2358
2019-11-13,3.50003,3.50003,3.50003,3.50003,2
2019-11-14,3.50003,3.50003,3.50003,3.50003,2
2019-11-15,3.45,3.50003,3.42,3.50003,833
2019-11-18,3.50003,3.50003,3.48997,3.50003,4954
2019-11-19,3.50003,3.50003,3.48997,3.48997,156
2019-11-20,3.54997,3.54997,3.50003,3.50003,1044
2019-11-21,3.48997,3.48997,3.48997,3.48997,2
2019-11-22,3.48997,3.48997,3.41003,3.44003,2092
2019-11-25,3.39997,3.45,3.39997,3.45,144
2019-11-26,3.48,3.48,3.39997,3.39997,356
2019-11-27,3.48,3.48,3.48,3.48,2
2019-11-28,3.48,3.48,3.45,3.45,127
2019-11-29,3.48,3.69997,3.33997,3.54997,49310
2019-12-02,3.54997,3.69997,3.54997,3.62003,14848
2019-12-03,3.9,3.9,3.59003,3.75997,306
2019-12-04,3.80003,3.80003,3.51,3.59003,4650
2019-12-05,3.51,3.59003,3.51,3.59003,403
2019-12-06,3.69,3.69,3.51,3.51,434
2019-12-09,3.53003,3.84,3.51997,3.84,2952
2019-12-10,3.54997,3.63,3.54997,3.63,921
2019-12-11,3.78997,3.78997,3.6,3.65003,969
2019-12-12,3.78997,3.78997,3.56003,3.69,1171
2019-12-13,3.78997,3.78997,3.53003,3.75,3405
2019-12-16,3.75,3.78997,3.75,3.78997,6
2019-12-17,3.78997,3.78997,3.6,3.78997,1799
2019-12-18,3.78997,3.78997,3.78997,3.78997,2
2019-12-19,3.78997,3.78997,3.62003,3.75997,5325
2019-12-20,3.69997,3.69997,3.62003,3.69,302
2019-12-23,3.62003,3.69,3.6,3.68003,2546
2019-12-27,3.68003,3.86003,3.68003,3.86003,5039
2019-12-30,3.87,4.11997,3.80003,3.95003,34765
2020-01-02,3.95003,4.10003,3.95003,3.95003,16505
2020-01-03,3.99997,4.02,3.81997,3.81997,3610
2020-01-07,3.81997,4.05,3.81997,4.05,414
2020-01-08,4.08,4.08,3.80003,3.83003,6716
2020-01-09,3.93,4.01003,3.93,3.95003,1165
2020-01-10,3.95003,3.95003,3.81,3.81,5752
2020-01-13,3.81,3.90997,3.80003,3.80003,780
2020-01-14,3.93997,3.93997,3.77003,3.80003,49389
2020-01-15,3.93997,3.93997,3.69997,3.77003,3190
2020-01-16,3.92003,3.92003,3.72,3.72,1501
2020-01-17,3.71003,3.80003,3.69997,3.69997,29460
2020-01-20,3.86003,3.86003,3.63,3.63997,8432
2020-01-21,3.63997,3.69,3.6,3.63997,4774
2020-01-22,3.87997,3.92003,3.69997,3.69997,1007
2020-01-23,3.75997,3.84997,3.63997,3.80003,74818
2020-01-24,3.80003,3.9,3.72,3.89003,58996
2020-01-27,3.89003,3.89003,3.65003,3.89003,45560
2020-01-28,3.9,3.9,3.66997,3.89003,57123
2020-01-29,3.89003,3.89003,3.66997,3.81997,162350
2020-01-30,3.81,3.81,3.68003,3.69,33866
2020-01-31,3.69,3.75,3.66,3.66,61504
2020-02-03,3.74003,3.74003,3.66,3.72,4946
2020-02-04,4.25003,4.37003,4.14997,4.23997,1054720
2020-02-05,4.23997,4.23997,4.08997,4.2,359378
2020-02-06,4.2,4.23997,4.14,4.2,63850
2020-02-07,4.23997,4.23997,4.04003,4.05,98232
2020-02-10,4.05997,4.14997,4.05997,4.05997,92578
2020-02-11,4.11,4.14997,4.04003,4.05,74655
2020-02-12,4.07003,4.07003,3.96,3.96,60490
2020-02-13,3.96,4.05,3.93997,3.96997,50687
2020-02-14,3.96997,3.99997,3.86003,3.9,64844
2020-02-17,3.99,3.99,3.84997,3.9,97360
2020-02-18,3.9,3.99997,3.86003,3.92003,40335
2020-02-19,3.92003,3.95003,3.87997,3.87997,98131
2020-02-20,3.96,4.2,3.90997,4.08997,358985
2020-02-21,4.14,4.14,4.05,4.10003,60666
2020-02-24,4.13003,4.14,3.9,3.99997,189380
2020-02-25,3.99,3.99,3.80003,3.90997,84134
2020-02-26,3.96,4.08,3.84,4.08,36906
2020-02-27,4.13003,4.13003,3.96,3.99997,27573
2020-02-28,3.9,4.11997,3.81,4.05,69100
2020-03-02,4.11,4.25003,4.11,4.14997,43538
2020-03-03,4.2,4.2,4.05997,4.05997,99806
2020-03-04,4.05997,4.10003,3.95003,3.99,43683
2020-03-05,3.99,4.10003,3.99,4.02997,23722
2020-03-06,4.08,4.08,3.95003,4.01003,18122
2020-03-09,3.9,3.93,3.51997,3.84997,83417
2020-03-10,3.9,3.93997,3.72997,3.87997,17314
2020-03-11,3.87997,3.93,3.6,3.78997,37911
2020-03-12,3.77003,3.77003,3.39997,3.47003,106466
2020-03-13,3.50003,3.78,3.50003,3.69997,45685
2020-03-16,3.75,3.75,3.54997,3.69997,27010
2020-03-17,3.75,3.99,3.63997,3.63997,99425
2020-03-18,3.69997,3.87,3.69997,3.75,79963
2020-03-19,3.86003,3.98003,3.81997,3.98003,33870
2020-03-20,4.10003,4.10003,3.84997,3.96,67771
2020-03-23,3.93997,3.93997,3.80003,3.93997,18026
2020-03-24,3.96997,4.35,3.96997,4.2,811198
2020-03-25,4.35,4.46003,4.16003,4.31003,88998
2020-03-26,4.38997,4.82003,4.29997,4.79003,1115142
2020-03-27,4.79003,4.89,4.5,4.53997,116181
2020-03-30,4.77997,4.77997,4.56,4.59997,53091
2020-03-31,4.74997,4.74997,4.47997,4.59997,80749
2020-04-01,4.65997,4.65997,4.50997,4.59997,25772
2020-04-02,4.61003,4.61003,4.50997,4.59,46432
2020-04-03,4.59,4.64003,4.50997,4.59,79773
2020-04-06,4.59,4.62997,4.53997,4.55003,138037
2020-04-07,4.55003,4.80997,4.43003,4.47997,226759
2020-04-08,4.49003,4.49003,4.35,4.44997,68049
2020-04-09,4.5,4.59,4.43003,4.46003,256908
2020-04-14,4.47,4.55003,4.41,4.47,462076
2020-04-15,4.49003,5.04,4.38997,5.00003,470246
2020-04-16,5.18003,5.73997,5.1,5.49997,593889
2020-04-17,5.60003,5.7,5.43997,5.64,318303
2020-04-20,5.88,6.02003,5.67997,6.02003,256438
2020-04-21,6.20003,6.20003,5.22,6.06,487393
2020-04-22,5.97997,6.39997,5.97997,6.26003,285649
2020-04-23,6.3,6.39997,6.26003,6.3,106309
2020-04-24,6.3,6.33997,6.08003,6.26003,347345
2020-04-27,8.73997,9.88048,8.4,8.49997,3583041
2020-04-28,9.14003,11.04966,8.52,9,3630026
2020-04-29,9.2,9.4,8.28,8.5,1729446
2020-04-30,8.48,8.5,7.64,7.7,1521694
2020-05-04,8.02,9.12,7.82,8.4,2149378
2020-05-05,7.98,8.48,7.4,7.48,4358866
2020-05-06,7.2,7.88,6.78,7.2,3547963
2020-05-07,7.6,8.36,7.12,8.34,2895613
2020-05-08,8.7,8.98,8.44,8.7,2126452
2020-05-11,8.88,8.94,8.48,8.7,904281
2020-05-12,8.72,9.3,8.6,9.1,883032
2020-05-13,9.1,9.38,8.82,9.06,779569
2020-05-14,8.86,8.9,7.98,8.46,2005295
2020-05-15,8.62,8.82,8.16,8.56,435969
2020-05-18,8.6,9.34,8.56,9.06,1244966
2020-05-19,9.08,9.36,8.82,8.9,709452
2020-05-20,8.7,9.08,8.58,8.86,422839
2020-05-21,8.9,9.04,8.66,8.76,581029
2020-05-22,8.8,8.8,8.42,8.6,395290
2020-05-25,8.7,8.7,8.42,8.6,319365
2020-05-26,8.6,8.86,8.54,8.66,325817
2020-05-27,8.58,8.6,8.22,8.38,582366
2020-05-28,8.48,8.48,8.02,8.2,494814
2020-05-29,8.28,8.8,8.2,8.66,444474
2020-06-01,8.78,10.4,8.78,10.35,2322623
2020-06-02,10.15,10.95,9.9,10.4,1603160
2020-06-03,10.5,10.8,10.3,10.55,753717
2020-06-04,10.6,10.6,10,10.5,557926
2020-06-05,10.65,11.7,10.6,11,1639817
2020-06-08,11,11.35,10.45,10.8,763940
2020-06-09,10.6,11.05,10.05,11.05,867919
2020-06-10,11.25,11.8,10.9,11.7,573539
2020-06-12,11.15,12.4,11.05,12.1,1210445
2020-06-15,12.3,12.9,11.65,12.1,1111152
2020-06-16,12.4,12.5,12.1,12.3,262036
2020-06-17,12.3,12.4,11.9,12,428450
2020-06-18,11.9,12.85,11.75,12.4,680343
2020-06-19,12.5,12.5,12.15,12.5,223469
2020-06-22,12.45,12.45,12.1,12.4,349153
2020-06-23,12.45,13.4,12.25,12.8,907571
2020-06-24,13,13.15,12.4,12.65,540925
2020-06-25,12.6,12.95,12.55,12.6,321076
2020-06-26,12.65,12.85,12.45,12.65,325515
2020-06-29,12.65,13.15,12.65,13,408687
2020-06-30,13,13.45,12.7,13.1,878100
2020-07-01,13,13.2,12.55,12.9,420872
2020-07-02,12.9,12.9,12.65,12.9,269561
2020-07-03,12.75,13.7,12.75,13.45,723293
2020-07-06,13.2,13.9,13.2,13.85,1086571
2020-07-07,13.9,14.9,13.5,14.45,1619338
2020-07-08,14.55,15.3,14.55,14.6,1293530
2020-07-09,14.75,14.95,14.3,14.6,589130
2020-07-10,14.7,15.15,14.4,14.9,357751
2020-07-13,15.1,16.2,15.05,16,956365
2020-07-14,16.45,17.95,16.25,17.05,1564903
2020-07-15,17.8,18.15,16.05,16.5,1591838
2020-07-16,16.8,17.2,15.7,16.2,1018431
2020-07-17,16.55,17.85,16.5,17.85,963690
2020-07-20,19.3,21.2,18.8,21.2,2782972
2020-07-21,22,24.8,21.5,24,3444736
2020-07-22,24.6,26.6,22.3,26.5,2134339
2020-07-23,26.9,28.6,25.3,26.3,2999666
2020-07-24,26.3,26.6,24.1,25.5,1589808
2020-07-27,25.5,28,24.8,28,1492967
2020-07-28,28.1,29.3,27.7,28.4,1342765
2020-07-29,24,24.7,19.5,19.5,7570064
2020-07-30,19.2,20.4,15.5,16.4,6893821
2020-07-31,17.3,19.2,16.9,19.2,4188690
2020-08-03,20,20.9,19.3,20.5,2182970
2020-08-04,20.9,22.2,18,19.45,3528096
2020-08-05,19.8,20.8,18.6,20.5,1408529
2020-08-06,20.9,21,18.85,19,964230
2020-08-07,18.6,19,17.2,19,1405859
2020-08-10,18.95,18.95,17.8,17.8,742105
2020-08-11,17.5,17.7,16.6,17.15,1104693
2020-08-12,17.35,17.85,16,17.6,1099632
2020-08-13,17.8,18.8,17.6,18.3,1155968
2020-08-14,18.45,18.8,17.6,18.25,562524
2020-08-17,18.2,18.9,17.8,17.8,582245
2020-08-18,18,18.6,17.1,17.9,1021704
2020-08-19,17.85,18,17.2,17.3,453889
2020-08-20,17.3,18.4,16.75,18.4,1047236
2020-08-21,18.4,19.3,18,18.15,1573796
2020-08-24,18.4,18.45,17.7,17.8,299045
2020-08-25,17.9,17.95,17.4,17.5,242599
2020-08-26,17.5,17.6,16.9,17.6,428165
2020-08-27,17.6,18.25,17.2,17.6,446316
2020-08-28,17.75,18,17.55,17.85,238803
2020-08-31,17.95,18,17.3,17.4,286600
2020-09-01,17.35,17.7,16.8,17.05,406601
2020-09-02,17.1,17.8,17.05,17.65,402953
2020-09-03,17.85,18.15,17.3,17.3,462655
2020-09-04,17,17.8,16.85,17,445716
2020-09-07,17.3,17.8,17.1,17.25,445462
2020-09-08,17.4,17.4,15,16.45,1883716
2020-09-09,16.25,17.15,16.05,16.8,759015
2020-09-10,16.9,16.9,15.85,15.95,757111
2020-09-11,15.95,16.2,15.75,16,316953
2020-09-14,15.95,16.7,15.9,16.05,343294
2020-09-15,16.1,16.3,16,16.2,272258
2020-09-16,16.1,16.5,16.1,16.3,174696
2020-09-17,16.2,16.25,16,16.1,199664
2020-09-18,16.25,17.85,16.2,17.5,1442978
2020-09-21,17.7,17.8,16.3,16.4,878495
2020-09-22,16.5,17.1,16.3,16.7,415494
2020-09-23,16.55,16.8,16.05,16.25,505487
2020-09-24,16.05,16.1,15.65,15.65,512977
2020-09-25,15.65,15.75,14.95,15,845561
2020-09-28,15,16.8,14.15,16.3,2334816
2020-09-29,16.3,16.6,15.35,15.4,854979
2020-09-30,15.5,16.2,14.8,15.5,814128
2020-10-01,15.7,15.95,15.25,15.4,452017
2020-10-02,15.2,15.6,15.2,15.25,352585
2020-10-05,15.45,17.15,15.3,16.9,1108415
2020-10-06,17,17.5,16.25,16.3,1012098
2020-10-07,16.2,16.4,15.85,16,420269
2020-10-08,16.3,16.4,15.4,15.45,778966
2020-10-09,15.7,15.8,15.25,15.5,685794
